Type,Name,Request Count,Failure Count,Median Response Time,Average Response Time,Min Response Time,Max Response Time,Average Content Size,Requests/s,Failures/s,50%,66%,75%,80%,90%,95%,98%,99%,99.9%,99.99%,100%
POST,/Mobius/ae_ac/AC0/Data,256,0,250.0,334.71924697647637,6.702948005113285,961.8367880029837,296.9765625,0.03558498692181456,0.0,250,500,580,620,740,800,910,940,960,960,960
POST,/Mobius/ae_ac/AC1/Data,259,0,210.0,327.7878884133547,12.825908001104835,1048.8135599953239,297.0,0.03600199848730457,0.0,210,490,600,660,740,790,840,870,1000,1000,1000
POST,/Mobius/ae_ac/AC10/Data,248,0,250.0,344.6442013062903,8.976896999229211,1044.5312020019628,297.0,0.034472956080507856,0.0,250,530,620,650,750,810,920,1000,1000,1000,1000
POST,/Mobius/ae_ac/AC100/Data,262,1,190.0,324.4126187750476,7.072791995597072,1096.9319920041016,296.01526717557255,0.03641901005279459,0.00013900385516333813,210,520,600,640,730,790,880,920,1100,1100,1100
POST,/Mobius/ae_ac/AC101/Data,232,2,210.0,302.14390501313227,7.643491997441743,975.8397839977988,294.6681034482759,0.03224889439789445,0.00027800771032667626,210,450,540,590,690,780,870,880,980,980,980
POST,/Mobius/ae_ac/AC102/Data,229,0,170.0,303.61240371210476,7.350366999162361,923.4692850004649,297.0,0.03183188283240443,0.0,170,440,580,630,740,770,880,920,920,920,920
POST,/Mobius/ae_ac/AC103/Data,249,0,240.0,335.9791119881879,10.978116995829623,1074.3583310031681,297.0,0.03461195993567119,0.0,240,510,600,670,760,820,930,970,1100,1100,1100
POST,/Mobius/ae_ac/AC104/Data,247,0,170.0,308.9272980767065,6.23652200010838,1090.0552530001733,297.0,0.034333952225344515,0.0,170,480,570,620,720,810,950,1000,1100,1100,1100
POST,/Mobius/ae_ac/AC105/Data,252,1,200.0,330.7881335321225,9.91989499743795,937.9578160005622,295.9761904761905,0.03502897150116121,0.00013900385516333813,220,520,590,620,720,780,810,860,940,940,940
POST,/Mobius/ae_ac/AC106/Data,284,1,250.0,333.55893891217727,7.387924000795465,1200.6125600019004,296.09154929577466,0.03947709486638803,0.00013900385516333813,250,480,590,620,720,810,860,1000,1200,1200,1200
POST,/Mobius/ae_ac/AC107/Data,262,0,230.0,330.41117789366757,11.731294005585369,994.7607499998412,297.0,0.03641901005279459,0.0,230,520,600,620,710,780,890,940,990,990,990
POST,/Mobius/ae_ac/AC108/Data,229,0,180.0,305.39162097820696,12.521254000603221,985.456811999029,297.0,0.03183188283240443,0.0,180,440,550,610,700,770,850,930,990,990,990
POST,/Mobius/ae_ac/AC109/Data,262,1,190.0,328.0329815306339,7.664049000595696,943.1274000016856,296.01526717557255,0.03641901005279459,0.00013900385516333813,190,480,610,650,730,760,810,860,940,940,940
POST,/Mobius/ae_ac/AC11/Data,262,1,260.0,341.05578058000805,14.590298997063655,1011.1901330019464,296.01526717557255,0.03641901005279459,0.00013900385516333813,290,510,590,630,720,770,820,850,1000,1000,1000
POST,/Mobius/ae_ac/AC110/Data,212,0,290.0,341.9422003394089,14.52392299688654,979.7136480046902,297.0,0.02946881729462768,0.0,290,550,620,630,710,750,790,830,980,980,980
POST,/Mobius/ae_ac/AC111/Data,263,0,160.0,298.63303999666954,12.044351002259646,1099.7516150018782,296.97338403041823,0.036558013907957924,0.0,160,460,580,620,710,770,840,900,1100,1100,1100
POST,/Mobius/ae_ac/AC112/Data,264,0,200.0,324.00702899221045,9.584587998688221,1028.83127899986,297.0,0.036697017763121266,0.0,200,490,600,640,730,790,870,980,1000,1000,1000
POST,/Mobius/ae_ac/AC113/Data,243,1,160.0,310.4386481518978,12.497202995291445,973.1181940005627,295.880658436214,0.03377793680469116,0.00013900385516333813,160,470,570,610,740,780,880,900,970,970,970
POST,/Mobius/ae_ac/AC114/Data,251,0,180.0,316.4060713307152,11.331642999721225,1006.3573180013918,297.0,0.03488996764599787,0.0,180,480,580,620,710,830,880,960,1000,1000,1000
POST,/Mobius/ae_ac/AC115/Data,259,0,160.0,307.6433722935163,12.208063999423757,905.7132529997034,297.0,0.03600199848730457,0.0,160,480,600,640,730,760,820,850,910,910,910
POST,/Mobius/ae_ac/AC116/Data,238,1,250.0,339.1667809375286,11.35465300467331,945.9814250003546,295.9159663865546,0.033082917528874475,0.00013900385516333813,260,510,620,690,730,780,840,860,950,950,950
POST,/Mobius/ae_ac/AC117/Data,234,0,190.0,316.3630948419711,6.0210279989405535,1000.8226980062318,296.9957264957265,0.03252690210822112,0.0,200,460,580,640,740,780,920,1000,1000,1000,1000
POST,/Mobius/ae_ac/AC118/Data,242,0,220.0,322.9640876820329,10.541415002080612,917.9792389986687,296.93388429752065,0.03363893294952783,0.0,220,490,580,630,720,760,840,860,920,920,920
POST,/Mobius/ae_ac/AC119/Data,231,0,170.0,293.6507890086172,10.770925997348968,935.1120790015557,297.0,0.032109890542731105,0.0,170,430,530,600,700,780,850,920,940,940,940
POST,/Mobius/ae_ac/AC12/Data,235,1,120.0,273.4543683826911,11.997398003586568,1206.4297839970095,295.9021276595745,0.03266590596338446,0.00013900385516333813,120,320,540,620,730,810,880,990,1200,1200,1200
POST,/Mobius/ae_ac/AC120/Data,240,0,150.0,299.69782156679986,12.357409003016073,936.196087001008,297.0,0.03336092523920115,0.0,160,450,590,610,720,800,850,880,940,940,940
POST,/Mobius/ae_ac/AC121/Data,248,0,220.0,334.70340592755804,11.099386996647809,1009.4584709950141,297.0,0.034472956080507856,0.0,220,520,620,660,740,770,830,880,1000,1000,1000
POST,/Mobius/ae_ac/AC122/Data,261,2,260.0,332.8321261686149,9.27250300446758,982.9686579978443,295.02298850574715,0.03628000619763125,0.00027800771032667626,260,500,570,620,730,810,900,940,980,980,980
POST,/Mobius/ae_ac/AC123/Data,246,0,320.0,351.47387787391034,9.539251004753169,990.75732199708,297.0,0.03419494837018118,0.0,330,520,610,660,730,810,890,910,990,990,990
POST,/Mobius/ae_ac/AC124/Data,222,0,210.0,316.15941142776103,11.208459996851161,882.995211002708,297.0,0.030858855846261062,0.0,220,490,600,630,700,760,810,830,880,880,880
POST,/Mobius/ae_ac/AC125/Data,231,0,220.0,335.69948929426255,9.785672998987138,1012.8007000021171,297.0,0.032109890542731105,0.0,220,500,590,650,760,880,950,990,1000,1000,1000
POST,/Mobius/ae_ac/AC126/Data,238,1,300.0,356.56328450852567,11.07980700180633,982.8634520017658,295.9159663865546,0.033082917528874475,0.00013900385516333813,320,540,590,640,760,800,870,900,980,980,980
POST,/Mobius/ae_ac/AC127/Data,241,1,270.0,348.7484807758609,13.718946000153664,1211.22263000143,295.92946058091286,0.033499929094364486,0.00013900385516333813,270,550,620,650,740,790,920,970,1200,1200,1200
POST,/Mobius/ae_ac/AC128/Data,273,0,160.0,297.55172600740786,12.95054499496473,1037.1023139960016,297.0,0.037948052459591305,0.0,160,420,560,610,720,790,820,890,1000,1000,1000
POST,/Mobius/ae_ac/AC129/Data,246,0,190.0,317.37583502846115,11.610096997173969,1011.4215729990974,297.0,0.03419494837018118,0.0,190,480,590,620,720,760,830,840,1000,1000,1000
POST,/Mobius/ae_ac/AC13/Data,269,0,160.0,305.19924663182206,10.60053500259528,1030.3451829968253,297.0,0.03739203703893795,0.0,160,440,570,620,740,800,910,990,1000,1000,1000
POST,/Mobius/ae_ac/AC130/Data,230,1,170.0,315.9432682174235,11.536035002791323,1204.094841996266,295.8782608695652,0.03197088668756777,0.00013900385516333813,180,470,580,620,750,820,880,930,1200,1200,1200
POST,/Mobius/ae_ac/AC131/Data,229,0,260.0,344.7270625720869,10.076466998725664,967.8464470052859,297.0,0.03183188283240443,0.0,260,500,600,640,750,850,890,890,970,970,970
POST,/Mobius/ae_ac/AC132/Data,259,1,170.0,325.75142257917685,12.303494004299864,1000.8788119957899,295.8532818532818,0.03600199848730457,0.00013900385516333813,170,510,600,670,770,840,920,960,1000,1000,1000
POST,/Mobius/ae_ac/AC133/Data,236,1,190.0,305.5417891779852,12.45813900459325,991.9830949947936,295.90677966101697,0.0328049098185478,0.00013900385516333813,200,440,570,620,690,760,850,860,990,990,990
POST,/Mobius/ae_ac/AC134/Data,215,0,280.0,351.5618705255694,9.585681997123174,1073.855905997334,297.0,0.029885828860117696,0.0,280,530,600,650,750,810,900,910,1100,1100,1100
POST,/Mobius/ae_ac/AC135/Data,232,1,280.0,351.0001045001288,9.80780400277581,970.8261820051121,295.88793103448273,0.03224889439789445,0.00013900385516333813,280,580,630,660,740,830,920,950,970,970,970
POST,/Mobius/ae_ac/AC136/Data,240,0,180.0,310.04683621670966,12.473864000639878,1159.9273210013052,297.0,0.03336092523920115,0.0,190,490,570,610,750,820,860,880,1200,1200,1200
POST,/Mobius/ae_ac/AC137/Data,240,0,210.0,340.20282532058746,12.655894999625161,1040.4570839964435,297.0,0.03336092523920115,0.0,220,500,610,680,760,800,860,950,1000,1000,1000
POST,/Mobius/ae_ac/AC138/Data,250,2,170.0,300.5681153841433,6.690245994832367,991.452334994392,294.78,0.03475096379083453,0.00027800771032667626,170,440,550,640,750,820,870,910,990,990,990
POST,/Mobius/ae_ac/AC139/Data,236,0,180.0,309.68515284347,11.037179006962106,949.856217004708,297.0,0.0328049098185478,0.0,180,450,580,650,730,760,840,860,950,950,950
POST,/Mobius/ae_ac/AC14/Data,219,1,210.0,322.0702866670082,10.049447999335825,1015.7153280015336,295.82191780821915,0.030441844280771048,0.00013900385516333813,210,490,590,620,740,790,820,860,1000,1000,1000
POST,/Mobius/ae_ac/AC140/Data,256,1,190.0,313.3520128786813,9.433172999706585,1105.5774110063794,295.9921875,0.03558498692181456,0.00013900385516333813,200,470,570,610,720,790,870,960,1100,1100,1100
POST,/Mobius/ae_ac/AC141/Data,242,1,250.0,343.7533687601373,13.483267000992782,1000.2337999976589,295.93388429752065,0.03363893294952783,0.00013900385516333813,260,550,620,640,720,800,870,900,1000,1000,1000
POST,/Mobius/ae_ac/AC142/Data,255,1,170.0,305.67525499192175,7.4211609971825965,997.6967550028348,295.98823529411766,0.03544598306665122,0.00013900385516333813,170,480,570,610,710,760,810,870,1000,1000,1000
POST,/Mobius/ae_ac/AC143/Data,256,1,170.0,303.87386782018666,9.62957999581704,979.1436140003498,295.9921875,0.03558498692181456,0.00013900385516333813,170,500,580,620,710,780,830,910,980,980,980
POST,/Mobius/ae_ac/AC144/Data,247,1,200.0,313.4070274044855,9.790087002329528,1005.5673680035397,295.87854251012146,0.034333952225344515,0.00013900385516333813,200,490,580,610,710,790,870,880,1000,1000,1000
POST,/Mobius/ae_ac/AC145/Data,242,1,150.0,296.04204608683574,11.150867001560982,909.2737940009101,295.93388429752065,0.03363893294952783,0.00013900385516333813,160,410,550,620,740,810,850,890,910,910,910
POST,/Mobius/ae_ac/AC146/Data,243,0,180.0,305.3814527570148,10.660182000719942,1021.9727600051556,297.0,0.03377793680469116,0.0,180,410,540,590,740,790,900,930,1000,1000,1000
POST,/Mobius/ae_ac/AC147/Data,282,1,180.0,306.5430899892714,7.390439001028426,982.8862139984267,296.0851063829787,0.03919908715606135,0.00013900385516333813,180,430,570,610,720,800,880,920,980,980,980
POST,/Mobius/ae_ac/AC148/Data,254,2,140.0,287.31192049227093,11.164607996761333,976.2690630013822,294.9685039370079,0.035306979211487885,0.00027800771032667626,140,370,550,600,730,810,870,930,980,980,980
POST,/Mobius/ae_ac/AC149/Data,236,0,200.0,338.415909792506,13.39061700127786,1083.0993269992177,297.0,0.0328049098185478,0.0,220,530,620,680,760,810,950,1000,1100,1100,1100
POST,/Mobius/ae_ac/AC15/Data,258,0,220.0,335.83846280238816,7.400994996714871,1029.5238439939567,297.0,0.03586299463214124,0.0,220,540,620,670,770,810,870,950,1000,1000,1000
POST,/Mobius/ae_ac/AC16/Data,272,0,200.0,324.2163529927144,8.547527002519928,1019.2199910015916,297.0,0.03780904860442797,0.0,210,500,610,640,740,790,820,910,1000,1000,1000
POST,/Mobius/ae_ac/AC17/Data,253,1,180.0,312.4551012687704,13.293570002133492,1087.3236109982827,295.9802371541502,0.03516797535632454,0.00013900385516333813,180,500,570,610,710,800,890,960,1100,1100,1100
POST,/Mobius/ae_ac/AC18/Data,237,0,150.0,296.03903394944365,12.472681999497581,921.1344220020692,297.0,0.032943913673711134,0.0,150,450,550,590,730,780,830,900,920,920,920
POST,/Mobius/ae_ac/AC19/Data,236,1,200.0,321.3863114742091,8.971977003966458,1003.0019849946257,295.8813559322034,0.0328049098185478,0.00013900385516333813,200,510,600,630,730,810,850,930,1000,1000,1000
POST,/Mobius/ae_ac/AC2/Data,277,0,170.0,310.4326542310485,5.407536998973228,1194.085126000573,297.0,0.03850406788024466,0.0,170,470,570,620,740,820,910,960,1200,1200,1200
POST,/Mobius/ae_ac/AC20/Data,231,0,180.0,316.7104604114774,11.616832998697646,1061.6500840042136,297.0,0.032109890542731105,0.0,180,440,580,650,740,810,890,990,1100,1100,1100
POST,/Mobius/ae_ac/AC21/Data,247,1,230.0,342.06204083381715,10.3071670018835,1066.670680003881,295.95546558704456,0.034333952225344515,0.00013900385516333813,230,530,600,640,740,820,900,930,1100,1100,1100
POST,/Mobius/ae_ac/AC22/Data,260,1,260.0,343.12202828072117,12.903861002996564,1040.3426979974029,296.0076923076923,0.036141002342467914,0.00013900385516333813,260,550,650,670,760,800,870,1000,1000,1000,1000
POST,/Mobius/ae_ac/AC23/Data,239,1,210.0,328.3803152508847,12.858910995419137,1008.2152050017612,295.9205020920502,0.03322192138403781,0.00013900385516333813,210,500,600,630,730,790,850,890,1000,1000,1000
POST,/Mobius/ae_ac/AC24/Data,241,0,170.0,303.19909491678663,9.928456995112356,975.9756330022356,297.0,0.033499929094364486,0.0,170,470,570,610,740,810,850,870,980,980,980
POST,/Mobius/ae_ac/AC25/Data,253,1,300.0,346.68914201992527,14.356528001371771,1139.7951470062253,295.9802371541502,0.03516797535632454,0.00013900385516333813,300,510,580,610,730,820,890,940,1100,1100,1100
POST,/Mobius/ae_ac/AC26/Data,243,0,230.0,332.5820876460416,10.34636799886357,1083.435610999004,297.0,0.03377793680469116,0.0,230,480,620,670,750,800,880,980,1100,1100,1100
POST,/Mobius/ae_ac/AC27/Data,248,0,180.0,304.457075822909,11.171033002028707,908.8712840020889,297.0,0.034472956080507856,0.0,190,450,560,620,730,790,840,870,910,910,910
POST,/Mobius/ae_ac/AC28/Data,234,0,190.0,326.73418617081103,8.619972002634313,1199.3523880009889,296.8119658119658,0.03252690210822112,0.0,200,490,590,630,730,780,830,930,1200,1200,1200
POST,/Mobius/ae_ac/AC29/Data,204,0,220.0,340.0892864463494,13.055726994934957,1110.6596900062868,297.0,0.028356786453320976,0.0,230,530,620,670,740,810,850,950,1100,1100,1100
POST,/Mobius/ae_ac/AC3/Data,232,0,180.0,320.6287948060294,12.189719003799837,973.3675440002116,296.91379310344826,0.03224889439789445,0.0,190,510,640,660,750,820,860,890,970,970,970
POST,/Mobius/ae_ac/AC30/Data,227,1,180.0,324.05980160374105,13.041591002547648,1025.9117400055402,295.86343612334804,0.03155387512207775,0.00013900385516333813,180,520,600,640,730,770,870,920,1000,1000,1000
POST,/Mobius/ae_ac/AC31/Data,238,1,190.0,316.11675771435466,8.808598999166861,940.8888409961946,295.9159663865546,0.033082917528874475,0.00013900385516333813,190,500,580,640,730,790,900,910,940,940,940
POST,/Mobius/ae_ac/AC32/Data,236,0,250.0,342.0728403009781,13.986972000566311,999.9263499994413,297.0,0.0328049098185478,0.0,280,510,600,650,750,820,930,960,1000,1000,1000
POST,/Mobius/ae_ac/AC33/Data,233,1,160.0,308.12267613285064,10.509438994631637,1194.809205000638,295.89270386266094,0.03238789825305778,0.00013900385516333813,160,470,580,620,740,790,860,1000,1200,1200,1200
POST,/Mobius/ae_ac/AC34/Data,250,0,170.0,294.3681238561112,10.95688000350492,967.4763119983254,297.0,0.03475096379083453,0.0,170,450,570,600,690,770,840,890,970,970,970
POST,/Mobius/ae_ac/AC35/Data,267,1,170.0,310.39097157648365,9.782110995729454,989.701264006726,296.03370786516854,0.03711402932861128,0.00013900385516333813,170,490,570,620,690,770,840,870,990,990,990
POST,/Mobius/ae_ac/AC36/Data,255,1,260.0,329.89462026647135,9.040261000336614,916.7328260009526,295.98823529411766,0.03544598306665122,0.00013900385516333813,260,520,590,630,730,770,820,850,920,920,920
POST,/Mobius/ae_ac/AC37/Data,229,0,160.0,310.6119252924221,4.926339999656193,983.7290909999865,297.0,0.03183188283240443,0.0,160,470,600,640,740,790,830,860,980,980,980
POST,/Mobius/ae_ac/AC38/Data,229,0,260.0,344.5879036900178,10.261443996569142,947.4758690048475,297.0,0.03183188283240443,0.0,260,540,610,660,750,810,880,930,950,950,950
POST,/Mobius/ae_ac/AC39/Data,258,3,210.0,333.1728482869582,10.538668000663165,1211.8742329985253,294.0,0.03586299463214124,0.00041701156549001436,210,500,610,650,750,820,890,980,1200,1200,1200
POST,/Mobius/ae_ac/AC4/Data,237,0,160.0,293.33110357807135,12.012937004328705,1032.6238710040343,297.0,0.032943913673711134,0.0,160,410,540,610,710,810,880,910,1000,1000,1000
POST,/Mobius/ae_ac/AC40/Data,225,0,180.0,296.9347307066912,11.896228999830782,979.6817420065054,297.0,0.03127586741175108,0.0,180,380,570,620,720,770,860,940,980,980,980
POST,/Mobius/ae_ac/AC41/Data,252,0,240.0,335.5318437896217,11.343375001160894,965.7140620038263,297.0,0.03502897150116121,0.0,240,510,590,630,730,800,910,950,970,970,970
POST,/Mobius/ae_ac/AC42/Data,253,1,150.0,320.4015705259052,12.662540000746958,1002.9224300014903,295.9802371541502,0.03516797535632454,0.00013900385516333813,150,500,610,670,780,840,870,920,1000,1000,1000
POST,/Mobius/ae_ac/AC43/Data,243,0,200.0,319.0419795061378,9.40081199951237,993.383236003865,297.0,0.03377793680469116,0.0,200,500,580,620,730,800,870,910,990,990,990
POST,/Mobius/ae_ac/AC44/Data,259,1,150.0,298.2004263128874,5.5018880011630245,955.091760995856,296.003861003861,0.03600199848730457,0.00013900385516333813,150,420,560,610,730,820,910,940,960,960,960
POST,/Mobius/ae_ac/AC45/Data,272,0,170.0,306.87909746722437,6.783754994103219,1032.6502839961904,297.0,0.03780904860442797,0.0,180,480,570,610,700,790,870,910,1000,1000,1000
POST,/Mobius/ae_ac/AC46/Data,248,1,180.0,309.65772094767146,10.06734199472703,933.6153290059883,295.9596774193548,0.034472956080507856,0.00013900385516333813,180,430,570,610,750,810,890,930,930,930,930
POST,/Mobius/ae_ac/AC47/Data,240,0,200.0,321.4303402211347,9.605828003259376,959.0662120026536,297.0,0.03336092523920115,0.0,200,490,630,660,760,810,850,900,960,960,960
POST,/Mobius/ae_ac/AC48/Data,273,3,190.0,305.3192393952606,9.83661599457264,1083.275812001375,294.16483516483515,0.037948052459591305,0.00041701156549001436,190,440,560,610,710,790,860,990,1100,1100,1100
POST,/Mobius/ae_ac/AC49/Data,246,0,280.0,358.6703604309949,13.192839003750123,969.0971130039543,297.0,0.03419494837018118,0.0,300,540,650,680,750,790,830,840,970,970,970
POST,/Mobius/ae_ac/AC5/Data,252,0,260.0,325.68563715465154,10.587718003080226,886.481197005196,297.0,0.03502897150116121,0.0,260,520,590,630,720,790,830,860,890,890,890
POST,/Mobius/ae_ac/AC50/Data,262,3,250.0,340.56630181674626,7.4613750039134175,1111.8101959946216,293.90458015267177,0.03641901005279459,0.00041701156549001436,260,520,610,640,740,810,860,930,1100,1100,1100
POST,/Mobius/ae_ac/AC51/Data,207,0,200.0,325.6592229369309,5.814383999677375,922.9272720040171,297.0,0.02877379801881099,0.0,200,490,580,660,770,850,890,910,920,920,920
POST,/Mobius/ae_ac/AC52/Data,213,1,140.0,301.64891421627374,10.303410999767948,1000.4539459987427,295.7887323943662,0.02960782114979102,0.00013900385516333813,140,460,590,630,760,820,920,950,1000,1000,1000
POST,/Mobius/ae_ac/AC53/Data,240,0,220.0,330.168578212609,13.317599004949443,946.7619559945888,297.0,0.03336092523920115,0.0,220,520,620,670,760,820,900,930,950,950,950
POST,/Mobius/ae_ac/AC54/Data,274,1,330.0,364.85148057290377,8.006917996681295,921.2471959981485,296.05839416058393,0.03808705631475465,0.00013900385516333813,330,560,630,670,780,830,880,890,920,920,920
POST,/Mobius/ae_ac/AC55/Data,257,0,270.0,349.56024644354176,11.866136999742594,939.9212429998443,297.0,0.035723990776977896,0.0,270,540,610,640,760,800,850,890,940,940,940
POST,/Mobius/ae_ac/AC56/Data,240,0,170.0,303.49043641687484,9.65693100442877,1032.0635000025504,297.0,0.03336092523920115,0.0,180,450,570,610,710,800,870,910,1000,1000,1000
POST,/Mobius/ae_ac/AC57/Data,265,0,210.0,319.3909597849168,10.070217998872977,1137.1099969983334,297.0,0.0368360216182846,0.0,210,510,580,620,720,780,850,910,1100,1100,1100
POST,/Mobius/ae_ac/AC58/Data,255,2,170.0,302.09888574124005,9.474752994719893,1199.272382997151,294.9764705882353,0.03544598306665122,0.00027800771032667626,170,440,590,610,700,760,810,880,1200,1200,1200
POST,/Mobius/ae_ac/AC59/Data,257,1,150.0,292.02450577030703,10.922462999587879,1016.0619310045149,295.99610894941634,0.035723990776977896,0.00013900385516333813,150,410,570,610,710,780,860,960,1000,1000,1000
POST,/Mobius/ae_ac/AC6/Data,278,0,170.0,302.7170090251975,7.597686002554838,1188.049223004782,297.0,0.038643071735408,0.0,170,460,570,620,730,810,890,940,1200,1200,1200
POST,/Mobius/ae_ac/AC60/Data,244,1,130.0,276.4434702989629,12.141677994804922,1194.7107809974113,295.94262295081967,0.033916940659854504,0.00013900385516333813,130,320,540,590,700,790,880,930,1200,1200,1200
POST,/Mobius/ae_ac/AC61/Data,221,0,170.0,301.406121276052,10.948485003609676,907.1882049975102,297.0,0.030719851991097724,0.0,170,420,550,610,710,790,840,870,910,910,910
POST,/Mobius/ae_ac/AC62/Data,215,0,210.0,328.67178834398106,6.440593999286648,1007.3219510013587,296.9720930232558,0.029885828860117696,0.0,210,490,600,660,760,830,880,960,1000,1000,1000
POST,/Mobius/ae_ac/AC63/Data,248,1,160.0,310.931872342735,13.591481998446397,1108.5128580016317,295.9596774193548,0.034472956080507856,0.00013900385516333813,160,470,570,630,720,790,900,950,1100,1100,1100
POST,/Mobius/ae_ac/AC64/Data,253,0,190.0,315.45920607922284,10.48560900380835,957.9129749981803,297.0,0.03516797535632454,0.0,190,500,590,630,710,770,820,910,960,960,960
POST,/Mobius/ae_ac/AC65/Data,234,0,170.0,298.2308325598961,10.897669999394566,1032.1314650063869,297.0,0.03252690210822112,0.0,170,410,570,610,730,780,830,920,1000,1000,1000
POST,/Mobius/ae_ac/AC66/Data,226,0,190.0,327.8495994603776,9.077413997147232,1101.0538720001932,297.0,0.03141487126691442,0.0,210,490,600,660,740,790,850,990,1100,1100,1100
POST,/Mobius/ae_ac/AC67/Data,238,0,180.0,321.12016744139805,8.452891997876577,1029.640783002833,297.0,0.033082917528874475,0.0,180,500,590,640,730,800,880,920,1000,1000,1000
POST,/Mobius/ae_ac/AC68/Data,271,1,160.0,292.5132228414293,5.364835997170303,1115.007278000121,296.0479704797048,0.03767004474926463,0.00013900385516333813,160,400,550,620,690,790,870,870,1100,1100,1100
POST,/Mobius/ae_ac/AC69/Data,234,0,230.0,340.2957951922219,12.197383999591693,958.1524809982511,296.9145299145299,0.03252690210822112,0.0,240,540,620,650,730,770,870,920,960,960,960
POST,/Mobius/ae_ac/AC7/Data,266,1,210.0,321.21427277773984,11.736938002286479,1077.1861229950446,296.03007518796994,0.03697502547344794,0.00013900385516333813,220,500,600,630,740,800,850,980,1100,1100,1100
POST,/Mobius/ae_ac/AC70/Data,227,0,170.0,315.8098704184881,9.247606998542324,1014.024657997652,297.0,0.03155387512207775,0.0,170,510,610,640,740,810,850,950,1000,1000,1000
POST,/Mobius/ae_ac/AC71/Data,220,1,180.0,315.88741146823105,12.51758899888955,1094.2091029937728,295.8272727272727,0.030580848135934386,0.00013900385516333813,190,500,560,610,720,810,890,950,1100,1100,1100
POST,/Mobius/ae_ac/AC72/Data,254,2,170.0,302.51350208643595,13.29294400056824,985.7940420042723,294.9685039370079,0.035306979211487885,0.00027800771032667626,170,450,580,620,720,790,860,900,990,990,990
POST,/Mobius/ae_ac/AC73/Data,248,2,280.0,347.41533179834323,6.535937005537562,1010.3321630012942,294.9193548387097,0.034472956080507856,0.00027800771032667626,290,560,610,640,740,790,880,910,1000,1000,1000
POST,/Mobius/ae_ac/AC74/Data,242,0,160.0,311.77622804122717,11.579951999010518,1105.1418829956674,297.0,0.03363893294952783,0.0,160,460,570,620,740,790,920,980,1100,1100,1100
POST,/Mobius/ae_ac/AC75/Data,238,0,170.0,289.9709927519363,12.199550001241732,1003.0927600018913,297.0,0.033082917528874475,0.0,170,390,540,590,740,800,860,920,1000,1000,1000
POST,/Mobius/ae_ac/AC76/Data,233,0,200.0,312.5939798324525,9.54387000092538,931.529966997914,297.0,0.03238789825305778,0.0,200,470,560,600,690,770,820,850,930,930,930
POST,/Mobius/ae_ac/AC77/Data,231,0,160.0,302.3980203161439,9.501751002972014,940.0419689991395,297.0,0.032109890542731105,0.0,160,430,590,630,730,780,850,880,940,940,940
POST,/Mobius/ae_ac/AC78/Data,236,0,170.0,313.87231556791295,9.591509005986154,1197.0569640034228,297.0,0.0328049098185478,0.0,170,450,580,620,730,860,940,960,1200,1200,1200
POST,/Mobius/ae_ac/AC79/Data,239,0,200.0,318.4736984897058,10.77349399565719,979.9902029990335,297.0,0.03322192138403781,0.0,200,490,580,620,720,790,870,880,980,980,980
POST,/Mobius/ae_ac/AC8/Data,256,1,280.0,356.0063836600307,10.533342996495776,933.9242819987703,295.9921875,0.03558498692181456,0.00013900385516333813,290,560,620,660,760,810,860,880,930,930,930
POST,/Mobius/ae_ac/AC80/Data,250,1,280.0,355.38919818020076,9.767347000888549,1110.4405930018402,295.968,0.03475096379083453,0.00013900385516333813,280,560,630,680,760,840,870,930,1100,1100,1100
POST,/Mobius/ae_ac/AC81/Data,244,1,180.0,321.90522634422837,8.882788999471813,1109.3007680028677,295.94262295081967,0.033916940659854504,0.00013900385516333813,180,500,600,630,760,810,880,930,1100,1100,1100
POST,/Mobius/ae_ac/AC82/Data,225,0,170.0,298.4692442753779,10.119033002411015,964.5144340029219,297.0,0.03127586741175108,0.0,170,420,570,630,720,780,850,950,960,960,960
POST,/Mobius/ae_ac/AC83/Data,250,2,190.0,313.74389121567947,13.470805002725683,1003.2212739970419,294.936,0.03475096379083453,0.00027800771032667626,190,500,570,610,730,770,840,860,1000,1000,1000
POST,/Mobius/ae_ac/AC84/Data,258,0,300.0,354.79614389525045,7.811838004272431,1073.1595079996623,297.0,0.03586299463214124,0.0,300,570,630,640,720,760,810,850,1100,1100,1100
POST,/Mobius/ae_ac/AC85/Data,232,0,170.0,317.16972768522123,12.772589005180635,1086.240167998767,297.0,0.03224889439789445,0.0,170,500,560,610,730,820,840,850,1100,1100,1100
POST,/Mobius/ae_ac/AC86/Data,249,0,190.0,308.6176407952706,10.411384995677508,1117.3035190004157,297.0,0.03461195993567119,0.0,190,470,560,610,730,790,850,860,1100,1100,1100
POST,/Mobius/ae_ac/AC87/Data,247,2,200.0,313.9444284897763,12.065350994816981,1148.9125750013045,294.91093117408906,0.034333952225344515,0.00027800771032667626,200,460,550,610,750,810,930,940,1100,1100,1100
POST,/Mobius/ae_ac/AC88/Data,282,0,190.0,322.30665284052185,8.849097997881472,1124.8945019979146,296.97872340425533,0.03919908715606135,0.0,210,490,580,620,740,830,870,930,1100,1100,1100
POST,/Mobius/ae_ac/AC89/Data,244,0,220.0,330.6314555000307,9.081552001589444,945.1499350034283,296.9672131147541,0.033916940659854504,0.0,240,510,600,640,740,780,830,860,950,950,950
POST,/Mobius/ae_ac/AC9/Data,256,1,220.0,348.98235633193053,5.572821995883714,1205.3451250030776,295.9921875,0.03558498692181456,0.00013900385516333813,230,550,650,690,770,820,930,1100,1200,1200,1200
POST,/Mobius/ae_ac/AC90/Data,278,0,230.0,342.2445972985986,12.948345000040717,1101.6025189965148,297.0,0.038643071735408,0.0,240,540,610,640,770,810,880,950,1100,1100,1100
POST,/Mobius/ae_ac/AC91/Data,262,0,180.0,330.6730316525811,9.411409999302123,1134.067828003026,297.0,0.03641901005279459,0.0,180,490,600,630,750,820,890,980,1100,1100,1100
POST,/Mobius/ae_ac/AC92/Data,240,0,200.0,317.84442232501533,10.36153599852696,902.286794000247,296.99583333333334,0.03336092523920115,0.0,210,480,580,610,720,780,870,870,900,900,900
POST,/Mobius/ae_ac/AC93/Data,228,0,150.0,301.234079837326,10.847885998373386,926.8206710039522,297.0,0.031692878977241094,0.0,150,470,590,640,750,790,830,870,930,930,930
POST,/Mobius/ae_ac/AC94/Data,231,0,220.0,319.33671928586534,9.82211199880112,990.62235999736,297.0,0.032109890542731105,0.0,220,470,580,620,730,800,830,890,990,990,990
POST,/Mobius/ae_ac/AC95/Data,268,0,190.0,321.4449196941621,8.57011899643112,1079.6598700035247,297.0,0.03725303318377462,0.0,200,490,600,640,760,820,870,950,1100,1100,1100
POST,/Mobius/ae_ac/AC96/Data,243,0,180.0,316.86428342827304,9.34318299550796,1116.9014940023771,296.9382716049383,0.03377793680469116,0.0,180,480,590,630,740,800,890,1100,1100,1100,1100
POST,/Mobius/ae_ac/AC97/Data,265,0,170.0,304.1547196415607,10.612976002448704,1064.950845000567,297.0,0.0368360216182846,0.0,170,440,580,620,740,830,950,970,1100,1100,1100
POST,/Mobius/ae_ac/AC98/Data,233,1,200.0,311.8615763518228,10.660633000952657,1086.2755310008652,295.89270386266094,0.03238789825305778,0.00013900385516333813,200,460,570,610,700,780,840,950,1100,1100,1100
POST,/Mobius/ae_ac/AC99/Data,242,0,160.0,306.3038026322062,12.162575003458187,1059.136313997442,297.0,0.03363893294952783,0.0,160,470,570,620,730,780,850,890,1100,1100,1100
POST,/Mobius/ae_aq/AQ0/Data,264,0,290.0,335.00140470087814,11.592661001486704,1086.7172660000506,297.0,0.036697017763121266,0.0,290,530,590,630,730,760,850,940,1100,1100,1100
POST,/Mobius/ae_aq/AQ1/Data,217,0,180.0,315.48084188914567,15.412582004501019,976.7702140015899,296.98617511520735,0.03016383657044437,0.0,180,500,590,620,730,770,800,880,980,980,980
POST,/Mobius/ae_aq/AQ10/Data,240,1,190.0,310.60413290030436,9.860204001597594,929.0973150054924,295.925,0.03336092523920115,0.00013900385516333813,190,470,580,620,700,810,870,920,930,930,930
POST,/Mobius/ae_aq/AQ100/Data,227,1,150.0,283.107235519907,12.480153003707528,948.2408890035003,295.86343612334804,0.03155387512207775,0.00013900385516333813,150,390,490,580,740,790,870,900,950,950,950
POST,/Mobius/ae_aq/AQ101/Data,248,0,170.0,321.9623025768141,7.397337998554576,1060.6424520010478,297.0,0.034472956080507856,0.0,170,470,590,640,750,830,930,1000,1100,1100,1100
POST,/Mobius/ae_aq/AQ102/Data,224,0,170.0,293.20892761601107,7.854668998334091,964.6079230005853,297.0,0.03113686355658774,0.0,170,400,540,590,710,770,860,880,960,960,960
POST,/Mobius/ae_aq/AQ103/Data,227,1,140.0,290.3514035727989,9.436968000954948,1001.7231370002264,295.86343612334804,0.03155387512207775,0.00013900385516333813,140,430,550,590,720,790,890,920,1000,1000,1000
POST,/Mobius/ae_aq/AQ104/Data,241,1,190.0,311.37558531094123,11.353937996318564,870.6932079949183,295.92946058091286,0.033499929094364486,0.00013900385516333813,190,490,560,640,740,790,840,850,870,870,870
POST,/Mobius/ae_aq/AQ105/Data,234,0,210.0,345.8787380084562,9.912781999446452,1137.8114700055448,297.0,0.03252690210822112,0.0,220,530,620,660,750,840,1000,1000,1100,1100,1100
POST,/Mobius/ae_aq/AQ106/Data,245,1,160.0,305.0501512324946,7.937683003547136,1032.5280199976987,295.9469387755102,0.03405594451501784,0.00013900385516333813,160,450,580,650,760,830,900,910,1000,1000,1000
POST,/Mobius/ae_aq/AQ107/Data,255,0,230.0,333.65009596095393,11.033294998924248,1004.8673230048735,297.0,0.03544598306665122,0.0,230,500,580,650,750,840,890,980,1000,1000,1000
POST,/Mobius/ae_aq/AQ108/Data,227,1,220.0,321.2096118723352,9.28148200182477,998.512373000267,295.8458149779736,0.03155387512207775,0.00013900385516333813,220,470,580,610,720,780,920,940,1000,1000,1000
POST,/Mobius/ae_aq/AQ109/Data,248,0,200.0,316.9767899756945,13.707801997952629,1235.6844039968564,297.0,0.034472956080507856,0.0,210,490,620,660,730,790,860,920,1200,1200,1200
POST,/Mobius/ae_aq/AQ11/Data,247,0,180.0,322.1706325425234,10.351794997404795,879.4209370025783,297.0,0.034333952225344515,0.0,180,500,590,640,730,790,830,860,880,880,880
POST,/Mobius/ae_aq/AQ110/Data,253,0,180.0,313.39953556528457,6.722333004290704,985.8632420000504,297.0,0.03516797535632454,0.0,180,470,570,620,730,770,860,900,990,990,990
POST,/Mobius/ae_aq/AQ111/Data,271,1,170.0,304.5876431733699,7.47785600105999,951.7404020007234,295.9040590405904,0.03767004474926463,0.00013900385516333813,170,470,580,620,730,770,840,860,950,950,950
POST,/Mobius/ae_aq/AQ112/Data,276,2,200.0,310.05758012340095,11.286179003946017,946.2729680017219,295.1304347826087,0.03836506402508132,0.00027800771032667626,200,440,550,610,740,800,880,910,950,950,950
POST,/Mobius/ae_aq/AQ113/Data,255,2,170.0,302.28292948244524,10.328861004381906,1194.5173470012378,294.9764705882353,0.03544598306665122,0.00027800771032667626,170,480,560,600,700,760,830,970,1200,1200,1200
POST,/Mobius/ae_aq/AQ114/Data,244,0,230.0,331.2202569753131,10.810321997269057,967.1323350048624,297.0,0.033916940659854504,0.0,250,510,590,630,730,790,870,930,970,970,970
POST,/Mobius/ae_aq/AQ115/Data,263,0,240.0,329.8296577866723,6.259084999328479,1020.5921460001264,297.0,0.036558013907957924,0.0,240,500,590,620,730,770,810,950,1000,1000,1000
POST,/Mobius/ae_aq/AQ116/Data,214,1,190.0,308.27411590711836,12.550496001495048,924.9371789992438,295.7943925233645,0.029746825004954357,0.00013900385516333813,210,450,570,610,700,770,810,840,920,920,920
POST,/Mobius/ae_aq/AQ117/Data,270,0,230.0,332.43282834071715,7.673337997402996,1011.8094839999685,297.0,0.037531040894101295,0.0,240,490,590,640,750,800,900,970,1000,1000,1000
POST,/Mobius/ae_aq/AQ118/Data,246,1,250.0,332.33998344691304,11.584724001295399,1076.5981369986548,295.9512195121951,0.03419494837018118,0.00013900385516333813,260,480,580,620,740,810,890,940,1100,1100,1100
POST,/Mobius/ae_aq/AQ119/Data,263,0,210.0,342.47327077538574,12.166316999355331,1055.9271079982864,297.0,0.036558013907957924,0.0,210,510,610,670,780,840,900,940,1100,1100,1100
POST,/Mobius/ae_aq/AQ12/Data,257,0,180.0,321.2300516656035,6.482119999418501,1002.3474949994124,297.0,0.035723990776977896,0.0,180,510,590,630,740,810,870,940,1000,1000,1000
POST,/Mobius/ae_aq/AQ120/Data,225,0,170.0,307.5805771730504,10.849949001567438,1011.3154440041399,297.0,0.03127586741175108,0.0,170,470,590,630,740,800,870,920,1000,1000,1000
POST,/Mobius/ae_aq/AQ121/Data,229,0,170.0,322.26250268133583,6.434041002648883,983.391986002971,296.9868995633188,0.03183188283240443,0.0,170,480,610,670,740,800,860,970,980,980,980
POST,/Mobius/ae_aq/AQ122/Data,230,1,160.0,322.8407823741651,9.99377900006948,1043.3546310014208,295.8782608695652,0.03197088668756777,0.00013900385516333813,160,500,600,660,760,830,900,930,1000,1000,1000
POST,/Mobius/ae_aq/AQ123/Data,264,0,330.0,361.599409098193,11.989621998509392,996.8126979947556,297.0,0.036697017763121266,0.0,330,570,640,670,740,780,890,950,1000,1000,1000
POST,/Mobius/ae_aq/AQ124/Data,259,0,250.0,333.17728215841686,12.119038998207543,1106.889091002813,297.0,0.03600199848730457,0.0,250,490,580,620,740,810,910,1000,1100,1100,1100
POST,/Mobius/ae_aq/AQ125/Data,264,1,260.0,343.44943976132276,9.45447399863042,1012.4342950002756,296.02272727272725,0.036697017763121266,0.00013900385516333813,270,520,600,670,750,810,860,920,1000,1000,1000
POST,/Mobius/ae_aq/AQ126/Data,245,2,270.0,346.6559818614398,12.91742299508769,1033.8092910023988,294.8938775510204,0.03405594451501784,0.00027800771032667626,270,530,590,640,740,800,870,930,1000,1000,1000
POST,/Mobius/ae_aq/AQ127/Data,246,0,210.0,312.6056776464845,11.509023999678902,993.0661210019025,297.0,0.03419494837018118,0.0,210,480,570,610,730,760,870,910,990,990,990
POST,/Mobius/ae_aq/AQ128/Data,266,1,190.0,325.1836419511889,10.183487000176683,1053.1451579954592,295.88345864661653,0.03697502547344794,0.00013900385516333813,200,510,600,650,750,800,900,1000,1100,1100,1100
POST,/Mobius/ae_aq/AQ129/Data,284,1,170.0,306.4770495703144,10.659751002094708,991.9745590013918,296.02464788732397,0.03947709486638803,0.00013900385516333813,180,420,570,610,700,820,910,930,990,990,990
POST,/Mobius/ae_aq/AQ13/Data,239,2,160.0,295.0249075189147,6.8310900023789145,924.0265010012081,294.69456066945605,0.03322192138403781,0.00027800771032667626,160,350,510,620,760,830,860,900,920,920,920
POST,/Mobius/ae_aq/AQ130/Data,240,1,190.0,309.37101390391035,9.276593998947646,910.6666079969727,295.8875,0.03336092523920115,0.00013900385516333813,190,430,570,610,700,790,820,880,910,910,910
POST,/Mobius/ae_aq/AQ131/Data,247,3,290.0,343.83718914169486,12.121185995056294,937.1111329965061,293.8663967611336,0.034333952225344515,0.00041701156549001436,290,500,610,640,720,810,890,910,940,940,940
POST,/Mobius/ae_aq/AQ132/Data,272,3,210.0,311.51789259563566,5.417454995040316,964.7085100004915,294.15441176470586,0.03780904860442797,0.00041701156549001436,210,420,550,610,740,800,860,920,960,960,960
POST,/Mobius/ae_aq/AQ133/Data,231,0,180.0,306.89074919483215,7.668969003134407,935.2127819947782,296.95670995671,0.032109890542731105,0.0,180,450,590,620,720,790,810,860,940,940,940
POST,/Mobius/ae_aq/AQ134/Data,241,0,220.0,332.3897929501423,14.318178000394255,1213.5629710028297,297.0,0.033499929094364486,0.0,220,530,590,630,750,790,870,910,1200,1200,1200
POST,/Mobius/ae_aq/AQ135/Data,231,0,230.0,314.8155916580546,9.217146995069925,951.5412079999805,297.0,0.032109890542731105,0.0,230,480,570,620,690,790,840,850,950,950,950
POST,/Mobius/ae_aq/AQ136/Data,242,1,180.0,330.4114969916464,12.335520994383842,1015.0428819979425,295.76446280991735,0.03363893294952783,0.00013900385516333813,180,480,620,670,790,860,940,980,1000,1000,1000
POST,/Mobius/ae_aq/AQ137/Data,235,0,160.0,291.93569857464917,10.218123999948148,1008.3503479982028,296.9659574468085,0.03266590596338446,0.0,160,410,550,620,720,800,860,920,1000,1000,1000
POST,/Mobius/ae_aq/AQ138/Data,247,0,180.0,293.49853717405625,4.5739249981124885,994.8030419982388,297.0,0.034333952225344515,0.0,180,420,550,610,700,760,880,900,990,990,990
POST,/Mobius/ae_aq/AQ139/Data,231,0,170.0,310.16257688718986,12.436782002623659,1000.1796090000425,297.0,0.032109890542731105,0.0,170,480,570,630,730,790,870,990,1000,1000,1000
POST,/Mobius/ae_aq/AQ14/Data,232,0,160.0,310.4357308101467,11.872292001498863,931.6415119974408,297.0,0.03224889439789445,0.0,170,480,570,610,730,800,810,830,930,930,930
POST,/Mobius/ae_aq/AQ140/Data,249,0,270.0,337.6640631570308,10.288700999808498,904.1935000059311,297.0,0.03461195993567119,0.0,270,520,600,640,710,780,830,850,900,900,900
POST,/Mobius/ae_aq/AQ141/Data,289,0,200.0,309.2165760864666,7.658957998501137,926.0427569970489,297.0,0.040172114142204715,0.0,200,450,560,620,730,800,860,890,930,930,930
POST,/Mobius/ae_aq/AQ142/Data,245,0,230.0,328.32171981661264,11.579463003727142,1015.0579740002286,297.0,0.03405594451501784,0.0,230,500,590,630,740,820,950,980,1000,1000,1000
POST,/Mobius/ae_aq/AQ143/Data,239,0,200.0,326.7037338326906,10.233207001874689,932.817018001515,297.0,0.03322192138403781,0.0,200,490,590,640,750,780,870,900,930,930,930
POST,/Mobius/ae_aq/AQ144/Data,261,0,200.0,326.8031169732257,7.931116000690963,942.5580080060172,296.86590038314176,0.03628000619763125,0.0,200,460,620,680,760,800,850,900,940,940,940
POST,/Mobius/ae_aq/AQ145/Data,229,1,200.0,311.0584493932824,10.446981999848504,976.9672909969813,295.87336244541484,0.03183188283240443,0.00013900385516333813,200,450,580,620,710,790,880,930,980,980,980
POST,/Mobius/ae_aq/AQ146/Data,236,2,210.0,316.490182186545,12.37925899476977,1091.2652999977581,294.8135593220339,0.0328049098185478,0.00027800771032667626,210,490,570,600,670,760,880,990,1100,1100,1100
POST,/Mobius/ae_aq/AQ147/Data,234,0,170.0,306.55305623079965,5.210267998336349,1034.6580229961546,297.0,0.03252690210822112,0.0,170,440,580,630,730,780,850,910,1000,1000,1000
POST,/Mobius/ae_aq/AQ148/Data,252,0,230.0,346.35211500796095,11.627968997345306,965.3295919997618,297.0,0.03502897150116121,0.0,270,540,610,650,750,810,910,930,970,970,970
POST,/Mobius/ae_aq/AQ149/Data,234,1,180.0,303.74443742312775,10.639402004017029,1013.0831800051965,295.8974358974359,0.03252690210822112,0.00013900385516333813,180,450,560,600,720,800,910,960,1000,1000,1000
POST,/Mobius/ae_aq/AQ15/Data,253,0,150.0,303.5040924740804,10.281802002282348,1191.0026729965466,297.0,0.03516797535632454,0.0,150,460,560,630,730,770,840,920,1200,1200,1200
POST,/Mobius/ae_aq/AQ16/Data,237,0,200.0,316.3029678226208,9.868695997283794,969.6132489989395,297.0,0.032943913673711134,0.0,200,500,600,630,730,790,820,910,970,970,970
POST,/Mobius/ae_aq/AQ17/Data,226,0,280.0,343.17214278793614,11.54481199773727,1003.6365019986988,297.0,0.03141487126691442,0.0,280,540,620,670,750,800,840,880,1000,1000,1000
POST,/Mobius/ae_aq/AQ18/Data,251,0,190.0,306.2303350398649,12.233209003170487,958.402070995362,297.0,0.03488996764599787,0.0,190,450,580,610,700,780,860,940,960,960,960
POST,/Mobius/ae_aq/AQ19/Data,264,0,280.0,356.3506921060583,10.559741996985395,1077.2814650044893,297.0,0.036697017763121266,0.0,320,560,610,650,740,780,850,980,1100,1100,1100
POST,/Mobius/ae_aq/AQ2/Data,225,0,200.0,319.7864846577674,6.925005000084639,1192.7665700059151,297.0,0.03127586741175108,0.0,200,470,570,620,730,800,900,990,1200,1200,1200
POST,/Mobius/ae_aq/AQ20/Data,223,0,230.0,324.3831803405792,12.35743999859551,963.7578500041855,297.0,0.0309978597014244,0.0,230,500,570,630,710,780,850,900,960,960,960
POST,/Mobius/ae_aq/AQ21/Data,255,1,220.0,322.275066694134,8.950743998866528,1014.8217850000947,295.9843137254902,0.03544598306665122,0.00013900385516333813,220,490,580,640,710,800,880,960,1000,1000,1000
POST,/Mobius/ae_aq/AQ22/Data,236,0,210.0,321.0130883090657,12.702282998361625,1124.7540779950214,297.0,0.0328049098185478,0.0,220,480,580,620,720,770,850,880,1100,1100,1100
POST,/Mobius/ae_aq/AQ23/Data,238,0,170.0,298.5260154535415,5.447709001600742,944.425173001946,297.0,0.033082917528874475,0.0,170,410,570,600,730,770,860,920,940,940,940
POST,/Mobius/ae_aq/AQ24/Data,263,1,180.0,308.8895765894217,6.889766998938285,964.7545760017238,296.01901140684413,0.036558013907957924,0.00013900385516333813,180,460,580,620,710,780,880,930,960,960,960
POST,/Mobius/ae_aq/AQ25/Data,240,1,200.0,322.7407579872609,11.024562998500187,1048.59962399496,295.87083333333334,0.03336092523920115,0.00013900385516333813,200,500,620,650,740,820,900,960,1000,1000,1000
POST,/Mobius/ae_aq/AQ26/Data,231,1,150.0,297.28171849784337,12.616533997061197,939.912642003037,295.8831168831169,0.032109890542731105,0.00013900385516333813,150,440,540,600,730,780,860,890,940,940,940
POST,/Mobius/ae_aq/AQ27/Data,262,1,180.0,310.53367893908927,10.85199700173689,1084.6539330013911,296.01526717557255,0.03641901005279459,0.00013900385516333813,180,430,590,650,740,800,890,960,1100,1100,1100
POST,/Mobius/ae_aq/AQ28/Data,260,0,150.0,294.7009426382955,13.270693998492789,999.0727530021104,297.0,0.036141002342467914,0.0,150,440,550,610,700,780,870,950,1000,1000,1000
POST,/Mobius/ae_aq/AQ29/Data,248,0,170.0,311.21341439924316,6.124585997895338,1074.4755810010247,297.0,0.034472956080507856,0.0,170,450,590,620,750,780,870,910,1100,1100,1100
POST,/Mobius/ae_aq/AQ3/Data,232,1,220.0,334.5299388405504,12.378416999126785,997.2613220015774,295.875,0.03224889439789445,0.00013900385516333813,230,510,610,640,770,830,910,940,1000,1000,1000
POST,/Mobius/ae_aq/AQ30/Data,248,2,220.0,314.13511151206495,10.281563001626637,955.5713849986205,294.76209677419354,0.034472956080507856,0.00027800771032667626,230,470,570,610,700,770,870,930,960,960,960
POST,/Mobius/ae_aq/AQ31/Data,265,0,180.0,323.4557597619813,11.331893998431042,941.8670890008798,296.92830188679244,0.0368360216182846,0.0,180,490,590,630,750,820,870,880,940,940,940
POST,/Mobius/ae_aq/AQ32/Data,243,0,200.0,338.60187023866,10.041663001175039,1036.812958001974,297.0,0.03377793680469116,0.0,200,520,620,640,760,840,920,980,1000,1000,1000
POST,/Mobius/ae_aq/AQ33/Data,255,1,190.0,310.44703954097463,10.06587400479475,1201.1408019970986,295.8313725490196,0.03544598306665122,0.00013900385516333813,190,470,560,600,750,810,870,910,1200,1200,1200
POST,/Mobius/ae_aq/AQ34/Data,241,0,180.0,308.49030441519415,9.105867000471335,1027.6419630026794,297.0,0.033499929094364486,0.0,180,470,560,610,730,770,860,880,1000,1000,1000
POST,/Mobius/ae_aq/AQ35/Data,256,0,170.0,307.42664202333003,11.472457001218572,963.5722250022809,297.0,0.03558498692181456,0.0,170,470,580,610,710,780,890,940,960,960,960
POST,/Mobius/ae_aq/AQ36/Data,244,2,200.0,325.7017902623539,11.858017001941334,953.7162240012549,294.88524590163934,0.033916940659854504,0.00027800771032667626,200,490,610,650,730,790,860,880,950,950,950
POST,/Mobius/ae_aq/AQ37/Data,262,0,170.0,305.8157890497381,8.650957999634556,1009.7860750029213,297.0,0.03641901005279459,0.0,180,440,560,630,730,790,880,950,1000,1000,1000
POST,/Mobius/ae_aq/AQ38/Data,234,2,210.0,317.5443091964149,10.223944998870138,956.8677479983307,294.79487179487177,0.03252690210822112,0.00027800771032667626,210,480,570,600,700,790,850,900,960,960,960
POST,/Mobius/ae_aq/AQ39/Data,250,0,190.0,326.2341463440971,13.422506999631878,1027.992233997793,297.0,0.03475096379083453,0.0,190,530,590,630,730,800,870,960,1000,1000,1000
POST,/Mobius/ae_aq/AQ4/Data,256,1,240.0,341.9926658749546,10.004389005189296,902.8039359982358,295.9921875,0.03558498692181456,0.00013900385516333813,270,560,610,640,740,790,850,870,900,900,900
POST,/Mobius/ae_aq/AQ40/Data,237,0,280.0,344.0478068351476,9.02666099864291,1226.3864449996618,297.0,0.032943913673711134,0.0,280,530,600,650,740,810,900,980,1200,1200,1200
POST,/Mobius/ae_aq/AQ41/Data,250,0,160.0,285.3896369522263,6.030418000591453,999.3520610005362,297.0,0.03475096379083453,0.0,160,380,540,600,720,790,830,850,1000,1000,1000
POST,/Mobius/ae_aq/AQ42/Data,257,0,230.0,328.9847916068241,6.704637999064289,1040.5186419957317,297.0,0.035723990776977896,0.0,230,510,610,650,760,830,880,900,1000,1000,1000
POST,/Mobius/ae_aq/AQ43/Data,248,1,170.0,305.3168147617696,10.178473996347748,1059.2170339950826,295.9596774193548,0.034472956080507856,0.00013900385516333813,180,460,570,630,720,760,950,970,1100,1100,1100
POST,/Mobius/ae_aq/AQ44/Data,241,0,230.0,324.54097722802544,11.0921360028442,1064.245778004988,297.0,0.033499929094364486,0.0,230,470,560,630,710,780,860,930,1100,1100,1100
POST,/Mobius/ae_aq/AQ45/Data,248,1,210.0,324.0129848306805,12.077514998964034,1082.1087069998612,295.8991935483871,0.034472956080507856,0.00013900385516333813,220,500,570,630,740,810,840,900,1100,1100,1100
POST,/Mobius/ae_aq/AQ46/Data,277,1,230.0,335.4740090683069,6.6984410004806705,1235.9702910034684,296.06859205776175,0.03850406788024466,0.00013900385516333813,230,520,580,630,750,790,850,970,1200,1200,1200
POST,/Mobius/ae_aq/AQ47/Data,256,1,250.0,342.29988599997796,12.048519995005336,943.730222999875,295.9921875,0.03558498692181456,0.00013900385516333813,260,540,600,630,720,770,820,830,940,940,940
POST,/Mobius/ae_aq/AQ48/Data,241,1,230.0,335.7631933942828,10.85308500478277,1019.0915499988478,295.92946058091286,0.033499929094364486,0.00013900385516333813,230,540,610,640,730,770,840,960,1000,1000,1000
POST,/Mobius/ae_aq/AQ49/Data,249,3,150.0,295.39723980716707,12.207841005874798,872.0880119944923,293.89156626506025,0.03461195993567119,0.00041701156549001436,150,410,560,610,730,760,830,840,870,870,870
POST,/Mobius/ae_aq/AQ5/Data,260,2,190.0,302.84945757680714,11.998940994089935,1070.1165840000613,295.0153846153846,0.036141002342467914,0.00027800771032667626,190,440,530,580,720,790,860,900,1100,1100,1100
POST,/Mobius/ae_aq/AQ50/Data,239,0,190.0,324.2885064729806,9.480521999648772,1085.931169000105,297.0,0.03322192138403781,0.0,190,480,590,630,720,830,930,930,1100,1100,1100
POST,/Mobius/ae_aq/AQ51/Data,236,0,170.0,320.20349421173256,13.431865998427384,985.245212999871,297.0,0.0328049098185478,0.0,180,480,590,650,740,800,870,930,990,990,990
POST,/Mobius/ae_aq/AQ52/Data,267,1,170.0,292.9773658426766,12.882297996839043,966.0534070062567,296.03370786516854,0.03711402932861128,0.00013900385516333813,170,440,550,600,720,790,850,890,970,970,970
POST,/Mobius/ae_aq/AQ53/Data,248,1,160.0,288.8641460281618,10.406330002297182,1001.7530620025354,295.9596774193548,0.034472956080507856,0.00013900385516333813,160,390,540,590,710,780,880,940,1000,1000,1000
POST,/Mobius/ae_aq/AQ54/Data,267,1,240.0,337.12721603388104,9.260523998818826,929.5959359951667,296.03370786516854,0.03711402932861128,0.00013900385516333813,240,510,610,660,740,800,860,920,930,930,930
POST,/Mobius/ae_aq/AQ55/Data,232,1,290.0,348.0553252758972,10.179158998653293,1074.0142860013293,295.88793103448273,0.03224889439789445,0.00013900385516333813,300,540,620,640,750,790,840,910,1100,1100,1100
POST,/Mobius/ae_aq/AQ56/Data,233,0,230.0,348.1517804162579,10.951446995022707,894.2902709968621,297.0,0.03238789825305778,0.0,230,560,640,660,740,790,860,860,890,890,890
POST,/Mobius/ae_aq/AQ57/Data,239,1,230.0,339.40741616745345,10.815246998390649,958.9011880016187,295.9205020920502,0.03322192138403781,0.00013900385516333813,230,530,590,630,760,810,870,940,960,960,960
POST,/Mobius/ae_aq/AQ58/Data,261,0,160.0,303.1223247048398,10.474634997081012,1013.2377080008155,297.0,0.03628000619763125,0.0,160,470,560,620,730,780,870,910,1000,1000,1000
POST,/Mobius/ae_aq/AQ59/Data,267,1,210.0,314.91946185013467,8.119478996377438,932.4117259966442,296.03370786516854,0.03711402932861128,0.00013900385516333813,210,440,570,620,720,770,850,880,930,930,930
POST,/Mobius/ae_aq/AQ6/Data,215,0,170.0,291.3191394281078,9.350333995826077,929.6736700052861,297.0,0.029885828860117696,0.0,170,380,520,590,710,800,830,870,930,930,930
POST,/Mobius/ae_aq/AQ60/Data,238,0,170.0,316.6256531722185,11.122562995296903,1115.5223160021706,297.0,0.033082917528874475,0.0,170,490,590,640,720,780,920,990,1100,1100,1100
POST,/Mobius/ae_aq/AQ61/Data,233,0,170.0,315.98996805574103,7.7059079994796775,1112.9271859972505,296.9742489270386,0.03238789825305778,0.0,170,490,570,640,760,790,840,870,1100,1100,1100
POST,/Mobius/ae_aq/AQ62/Data,242,1,220.0,340.91482979317885,13.308834997587837,979.2433019974851,295.93388429752065,0.03363893294952783,0.00013900385516333813,220,520,600,640,760,830,950,970,980,980,980
POST,/Mobius/ae_aq/AQ63/Data,251,0,150.0,295.00121536244455,9.898853000777308,1191.3833219950902,296.9681274900398,0.03488996764599787,0.0,150,390,590,620,710,760,930,1000,1200,1200,1200
POST,/Mobius/ae_aq/AQ64/Data,215,0,200.0,320.46328209314174,11.919824995857198,987.7623610009323,297.0,0.029885828860117696,0.0,200,500,580,620,720,790,880,900,990,990,990
POST,/Mobius/ae_aq/AQ65/Data,261,1,200.0,311.1323245827348,13.664596001035534,1000.1854010042734,296.01149425287355,0.03628000619763125,0.00013900385516333813,200,470,550,600,700,760,830,860,1000,1000,1000
POST,/Mobius/ae_aq/AQ66/Data,259,1,190.0,316.31240270252346,10.329073993489146,913.265393995971,296.003861003861,0.03600199848730457,0.00013900385516333813,190,530,600,620,720,770,820,860,910,910,910
POST,/Mobius/ae_aq/AQ67/Data,255,0,190.0,323.6024287221702,8.125524000206497,1216.3481020033942,297.0,0.03544598306665122,0.0,190,500,580,650,740,800,880,930,1200,1200,1200
POST,/Mobius/ae_aq/AQ68/Data,241,1,220.0,334.7589780294365,12.054298997099977,1073.9461659977678,295.76763485477176,0.033499929094364486,0.00013900385516333813,220,490,600,650,750,800,920,930,1100,1100,1100
POST,/Mobius/ae_aq/AQ69/Data,263,1,260.0,346.4611252924089,8.257854999101255,1106.3524249984766,296.01901140684413,0.036558013907957924,0.00013900385516333813,260,530,630,660,760,830,920,950,1100,1100,1100
POST,/Mobius/ae_aq/AQ7/Data,210,0,150.0,288.0037592714611,7.7311239947448485,1036.8920490000164,297.0,0.029190809584301005,0.0,150,370,530,610,730,770,860,940,1000,1000,1000
POST,/Mobius/ae_aq/AQ70/Data,237,0,150.0,305.75610471714754,10.65324799856171,983.6715619967435,296.9831223628692,0.032943913673711134,0.0,150,480,580,640,720,770,840,870,980,980,980
POST,/Mobius/ae_aq/AQ71/Data,248,1,180.0,302.36894976232793,10.042854002676904,991.4592330023879,295.9596774193548,0.034472956080507856,0.00013900385516333813,190,430,530,590,720,800,870,930,990,990,990
POST,/Mobius/ae_aq/AQ72/Data,219,0,290.0,346.42474102272973,10.338724998291582,1088.9895919972332,297.0,0.030441844280771048,0.0,290,530,610,640,740,790,900,930,1100,1100,1100
POST,/Mobius/ae_aq/AQ73/Data,244,0,240.0,334.97414102062885,12.305454998568166,1111.9213669953751,297.0,0.033916940659854504,0.0,250,520,600,630,740,820,900,910,1100,1100,1100
POST,/Mobius/ae_aq/AQ74/Data,235,2,190.0,314.47998736619684,6.56287900346797,959.7704469997552,294.8042553191489,0.03266590596338446,0.00027800771032667626,190,500,570,620,720,760,820,860,960,960,960
POST,/Mobius/ae_aq/AQ75/Data,260,2,190.0,333.27650596922746,6.491545995231718,1085.56774599856,294.86538461538464,0.036141002342467914,0.00027800771032667626,200,510,610,650,760,820,910,990,1100,1100,1100
POST,/Mobius/ae_aq/AQ76/Data,224,1,150.0,292.2785855046836,12.640535998798441,959.8300729994662,295.8482142857143,0.03113686355658774,0.00013900385516333813,160,420,570,600,720,780,840,850,960,960,960
POST,/Mobius/ae_aq/AQ77/Data,263,1,190.0,319.7747775017746,10.425114000099711,966.1709860010887,296.01901140684413,0.036558013907957924,0.00013900385516333813,190,490,610,640,750,800,880,900,970,970,970
POST,/Mobius/ae_aq/AQ78/Data,255,1,140.0,283.7608631804138,7.290920002560597,943.8702699990245,295.98823529411766,0.03544598306665122,0.00013900385516333813,140,420,560,610,690,780,820,900,940,940,940
POST,/Mobius/ae_aq/AQ79/Data,263,0,210.0,323.69037781385134,10.92781199986348,1085.5367829935858,296.893536121673,0.036558013907957924,0.0,210,480,570,620,750,810,860,930,1100,1100,1100
POST,/Mobius/ae_aq/AQ8/Data,242,0,150.0,281.19416161989795,7.276582000486087,1022.9511020006612,297.0,0.03363893294952783,0.0,150,340,530,600,720,770,840,880,1000,1000,1000
POST,/Mobius/ae_aq/AQ80/Data,226,1,200.0,314.4394567525282,8.235277004132513,1235.0429610014544,295.85840707964604,0.03141487126691442,0.00013900385516333813,210,440,560,620,720,760,830,910,1200,1200,1200
POST,/Mobius/ae_aq/AQ81/Data,233,0,180.0,323.3941332189466,10.052821002318524,997.193587005313,297.0,0.03238789825305778,0.0,180,490,610,650,750,830,900,960,1000,1000,1000
POST,/Mobius/ae_aq/AQ82/Data,244,0,290.0,335.9050056440567,9.452163998503238,1104.1522640007315,297.0,0.033916940659854504,0.0,300,500,580,630,720,780,820,860,1100,1100,1100
POST,/Mobius/ae_aq/AQ83/Data,227,1,170.0,316.36243537467743,12.384795998514164,979.0048770009889,295.86343612334804,0.03155387512207775,0.00013900385516333813,170,480,600,640,740,810,850,860,980,980,980
POST,/Mobius/ae_aq/AQ84/Data,274,0,260.0,339.9825526936104,10.4638570046518,971.1880760005442,297.0,0.03808705631475465,0.0,260,510,590,630,740,830,880,920,970,970,970
POST,/Mobius/ae_aq/AQ85/Data,236,0,180.0,313.4346723854833,12.397685000905767,1030.6566639992525,297.0,0.0328049098185478,0.0,180,480,570,630,730,810,860,940,1000,1000,1000
POST,/Mobius/ae_aq/AQ86/Data,232,1,230.0,330.6290153404916,6.629424999118783,1026.1068339968915,295.7198275862069,0.03224889439789445,0.00013900385516333813,250,510,580,630,740,810,880,940,1000,1000,1000
POST,/Mobius/ae_aq/AQ87/Data,256,2,250.0,334.2104079219723,7.024477999948431,992.7173769974615,294.984375,0.03558498692181456,0.00027800771032667626,250,490,580,630,740,810,930,980,990,990,990
POST,/Mobius/ae_aq/AQ88/Data,233,0,230.0,321.4596774076652,11.955985995882656,880.5409950000467,296.9570815450644,0.03238789825305778,0.0,230,490,580,620,690,750,810,820,880,880,880
POST,/Mobius/ae_aq/AQ89/Data,238,1,250.0,333.81392382359974,10.40261200250825,998.3959879973554,295.9159663865546,0.033082917528874475,0.00013900385516333813,250,510,610,650,740,840,870,910,1000,1000,1000
POST,/Mobius/ae_aq/AQ9/Data,255,1,180.0,341.16675675288525,8.50641900615301,1082.5336300040362,295.98823529411766,0.03544598306665122,0.00013900385516333813,180,540,610,660,790,840,870,920,1100,1100,1100
POST,/Mobius/ae_aq/AQ90/Data,228,2,190.0,317.2781006185432,10.9493170020869,996.857648002333,294.7368421052632,0.031692878977241094,0.00027800771032667626,190,500,580,630,710,810,900,940,1000,1000,1000
POST,/Mobius/ae_aq/AQ91/Data,255,0,240.0,337.64871670627696,14.051714999368414,996.4256880048197,297.0,0.03544598306665122,0.0,240,530,590,660,770,820,910,940,1000,1000,1000
POST,/Mobius/ae_aq/AQ92/Data,271,1,220.0,329.0204886417184,7.774107994919177,918.7261990009574,296.0479704797048,0.03767004474926463,0.00013900385516333813,220,530,600,620,720,770,820,860,920,920,920
POST,/Mobius/ae_aq/AQ93/Data,253,0,160.0,307.90723275130165,12.710341005004011,1013.2819430000382,297.0,0.03516797535632454,0.0,160,450,570,630,720,810,870,950,1000,1000,1000
POST,/Mobius/ae_aq/AQ94/Data,257,1,310.0,356.5463289923799,11.148344005050603,987.8321759970277,295.99610894941634,0.035723990776977896,0.00013900385516333813,310,530,610,640,770,820,940,960,990,990,990
POST,/Mobius/ae_aq/AQ95/Data,220,0,200.0,322.52992304559234,9.189244003209751,1192.7088719967287,296.84090909090907,0.030580848135934386,0.0,200,490,590,630,750,810,880,950,1200,1200,1200
POST,/Mobius/ae_aq/AQ96/Data,235,0,160.0,312.4413510810205,8.22073200106388,1013.7242939963471,297.0,0.03266590596338446,0.0,160,470,570,630,750,840,930,980,1000,1000,1000
POST,/Mobius/ae_aq/AQ97/Data,242,1,190.0,325.22747443796135,14.800043994910084,974.9247380023007,295.93388429752065,0.03363893294952783,0.00013900385516333813,200,490,590,640,740,780,900,920,970,970,970
POST,/Mobius/ae_aq/AQ98/Data,236,1,240.0,347.88385154675103,11.72600199788576,950.4613509998308,295.90677966101697,0.0328049098185478,0.00013900385516333813,250,520,620,650,750,810,890,910,950,950,950
POST,/Mobius/ae_aq/AQ99/Data,233,0,280.0,359.89413545892273,7.411872000375297,1001.0494219968677,297.0,0.03238789825305778,0.0,280,580,630,660,750,800,870,930,1000,1000,1000
POST,/Mobius/ae_oc/OC0/Data,265,0,180.0,317.2955868340137,10.19964100123616,998.4176489961101,297.0,0.0368360216182846,0.0,180,450,580,630,730,820,900,950,1000,1000,1000
POST,/Mobius/ae_oc/OC1/Data,236,1,180.0,321.7455051015627,14.351292003993876,1013.7190649984404,295.90677966101697,0.0328049098185478,0.00013900385516333813,190,500,590,630,740,790,860,880,1000,1000,1000
POST,/Mobius/ae_oc/OC10/Data,249,0,230.0,329.2067071807362,12.044232003972866,970.8971159998327,297.0,0.03461195993567119,0.0,230,530,610,640,740,800,870,880,970,970,970
POST,/Mobius/ae_oc/OC100/Data,243,1,150.0,289.34579653095443,11.287659996014554,958.1011670015869,295.51440329218104,0.03377793680469116,0.00013900385516333813,150,400,550,580,680,780,870,910,960,960,960
POST,/Mobius/ae_oc/OC101/Data,256,0,200.0,321.2214845078165,10.992960997100454,978.5614860011265,297.0,0.03558498692181456,0.0,200,510,590,620,700,760,880,940,980,980,980
POST,/Mobius/ae_oc/OC102/Data,237,1,230.0,343.46111680577235,12.864972995885182,1020.5524319972028,295.6835443037975,0.032943913673711134,0.00013900385516333813,230,530,630,660,750,790,920,980,1000,1000,1000
POST,/Mobius/ae_oc/OC103/Data,238,0,180.0,306.12666268915893,11.610451998421922,1168.1448660019669,296.93277310924367,0.033082917528874475,0.0,180,470,560,620,720,780,840,850,1200,1200,1200
POST,/Mobius/ae_oc/OC104/Data,236,0,170.0,309.2452338471233,10.141077000298537,917.8112699955818,297.0,0.0328049098185478,0.0,170,440,580,630,730,790,830,890,920,920,920
POST,/Mobius/ae_oc/OC105/Data,256,0,210.0,330.52161089457854,5.0360140012344345,1011.139785994601,297.0,0.03558498692181456,0.0,210,520,610,680,750,790,890,930,1000,1000,1000
POST,/Mobius/ae_oc/OC106/Data,244,2,170.0,310.4061840698347,6.346369998937007,902.623827001662,294.88524590163934,0.033916940659854504,0.00027800771032667626,170,490,590,640,740,800,840,860,900,900,900
POST,/Mobius/ae_oc/OC107/Data,254,0,200.0,333.1722968662896,8.996880002086982,1032.3308020015247,297.0,0.035306979211487885,0.0,200,510,590,640,720,790,830,940,1000,1000,1000
POST,/Mobius/ae_oc/OC108/Data,235,2,150.0,284.0601393787941,11.601962003624067,929.281909004203,294.63829787234044,0.03266590596338446,0.00027800771032667626,150,360,560,590,720,800,840,900,930,930,930
POST,/Mobius/ae_oc/OC109/Data,238,0,160.0,294.3198652271249,10.358833002101164,1182.8356869955314,297.0,0.033082917528874475,0.0,170,420,530,620,760,800,860,970,1200,1200,1200
POST,/Mobius/ae_oc/OC11/Data,241,0,180.0,326.27626212856114,10.64802299515577,1029.1028110004845,297.0,0.033499929094364486,0.0,180,500,600,650,750,810,870,970,1000,1000,1000
POST,/Mobius/ae_oc/OC110/Data,238,0,170.0,296.45179120547743,9.384131000842899,934.4453519952367,297.0,0.033082917528874475,0.0,170,440,560,610,700,770,840,850,930,930,930
POST,/Mobius/ae_oc/OC111/Data,263,0,180.0,327.95705239539376,12.763639002514537,945.5593230013619,297.0,0.036558013907957924,0.0,180,480,620,650,750,810,860,910,950,950,950
POST,/Mobius/ae_oc/OC112/Data,246,2,210.0,317.4876916175306,14.885639000567608,934.168868996494,294.9024390243902,0.03419494837018118,0.00027800771032667626,210,440,580,630,730,790,880,920,930,930,930
POST,/Mobius/ae_oc/OC113/Data,245,0,170.0,306.3313780693701,9.872807000647299,1106.8879409940564,297.0,0.03405594451501784,0.0,170,450,560,620,750,800,860,910,1100,1100,1100
POST,/Mobius/ae_oc/OC114/Data,219,0,150.0,290.98688386739224,11.093321001681034,916.1642300023232,297.0,0.030441844280771048,0.0,150,370,540,630,740,780,850,860,920,920,920
POST,/Mobius/ae_oc/OC115/Data,230,1,210.0,322.5873235044001,11.337144002027344,1022.7103860015632,295.8782608695652,0.03197088668756777,0.00013900385516333813,220,480,570,610,740,790,870,900,1000,1000,1000
POST,/Mobius/ae_oc/OC116/Data,261,0,150.0,297.9941869386399,11.642158002359793,1026.7411079985322,297.0,0.03628000619763125,0.0,150,430,580,640,740,780,870,960,1000,1000,1000
POST,/Mobius/ae_oc/OC117/Data,238,0,130.0,285.0643258110829,11.009286004991736,956.5132090065163,297.0,0.033082917528874475,0.0,130,400,560,630,720,790,830,900,960,960,960
POST,/Mobius/ae_oc/OC118/Data,272,1,220.0,316.312077764745,10.693657000956591,935.5908860015916,296.0514705882353,0.03780904860442797,0.00013900385516333813,220,470,580,620,690,760,820,870,940,940,940
POST,/Mobius/ae_oc/OC119/Data,235,0,200.0,313.76254998724613,10.681976003979798,930.208263998793,297.0,0.03266590596338446,0.0,200,490,570,620,740,790,900,910,930,930,930
POST,/Mobius/ae_oc/OC12/Data,235,1,150.0,304.4813754426209,12.737262004520744,1072.9564369976288,295.9021276595745,0.03266590596338446,0.00013900385516333813,150,480,590,630,720,760,820,840,1100,1100,1100
POST,/Mobius/ae_oc/OC120/Data,268,1,420.0,375.11574595541856,11.346621002303436,999.6541430009529,296.03731343283584,0.03725303318377462,0.00013900385516333813,420,590,650,680,760,840,880,920,1000,1000,1000
POST,/Mobius/ae_oc/OC121/Data,237,0,280.0,341.03883337969364,7.7083139985916205,1092.8115940041607,297.0,0.032943913673711134,0.0,280,520,610,650,740,800,860,930,1100,1100,1100
POST,/Mobius/ae_oc/OC122/Data,233,0,190.0,331.915250875783,13.70121900254162,1185.0995150016388,297.0,0.03238789825305778,0.0,190,500,630,670,760,800,890,1000,1200,1200,1200
POST,/Mobius/ae_oc/OC123/Data,229,0,250.0,338.0405014453191,10.632765006448608,974.0402230017935,297.0,0.03183188283240443,0.0,250,520,600,650,740,810,900,910,970,970,970
POST,/Mobius/ae_oc/OC124/Data,228,0,190.0,320.06576156572123,11.31644900306128,923.8219920007396,297.0,0.031692878977241094,0.0,210,490,580,620,760,800,850,900,920,920,920
POST,/Mobius/ae_oc/OC125/Data,232,1,210.0,322.9446890386969,11.13320700096665,996.515612998337,295.88793103448273,0.03224889439789445,0.00013900385516333813,210,500,590,630,720,780,810,930,1000,1000,1000
POST,/Mobius/ae_oc/OC126/Data,244,1,140.0,297.0343116922464,6.198388997290749,979.5466599971405,295.94262295081967,0.033916940659854504,0.00013900385516333813,150,440,550,620,760,820,920,950,980,980,980
POST,/Mobius/ae_oc/OC127/Data,244,1,170.0,319.6338333976305,12.170612004410941,1112.5155170011567,295.844262295082,0.033916940659854504,0.00013900385516333813,180,470,600,630,740,800,900,940,1100,1100,1100
POST,/Mobius/ae_oc/OC128/Data,248,0,150.0,309.91821626230376,10.09468700067373,1046.3686260045506,296.73790322580646,0.034472956080507856,0.0,160,490,580,620,740,820,910,980,1000,1000,1000
POST,/Mobius/ae_oc/OC129/Data,241,0,180.0,303.2080391904663,9.033891998114996,935.2565439985483,297.0,0.033499929094364486,0.0,180,470,560,620,720,780,810,860,940,940,940
POST,/Mobius/ae_oc/OC13/Data,234,1,240.0,325.5034723466747,11.198847998457495,1133.080952000455,295.8974358974359,0.03252690210822112,0.00013900385516333813,240,480,570,620,740,810,910,970,1100,1100,1100
POST,/Mobius/ae_oc/OC130/Data,256,1,170.0,312.5852231795818,10.653957004251424,1008.1353259956813,295.95703125,0.03558498692181456,0.00013900385516333813,170,460,580,610,740,830,890,930,1000,1000,1000
POST,/Mobius/ae_oc/OC131/Data,239,0,230.0,336.64883894979914,8.020706001843791,1223.3619839971652,297.0,0.03322192138403781,0.0,230,510,600,640,740,810,880,910,1200,1200,1200
POST,/Mobius/ae_oc/OC132/Data,264,1,190.0,321.1755103144297,13.238736995845102,1008.3825039982912,295.875,0.036697017763121266,0.00013900385516333813,190,490,590,630,720,790,900,960,1000,1000,1000
POST,/Mobius/ae_oc/OC133/Data,222,0,160.0,312.04855268017354,10.799383002449758,1203.537099994719,297.0,0.030858855846261062,0.0,170,510,600,640,720,760,850,930,1200,1200,1200
POST,/Mobius/ae_oc/OC134/Data,239,0,200.0,322.0451446441874,11.147965997224674,1036.014138997416,297.0,0.03322192138403781,0.0,200,490,600,650,740,800,820,860,1000,1000,1000
POST,/Mobius/ae_oc/OC135/Data,256,2,220.0,327.3388500234944,14.347837000968866,990.385981000145,294.984375,0.03558498692181456,0.00027800771032667626,220,510,610,640,740,790,840,950,990,990,990
POST,/Mobius/ae_oc/OC136/Data,243,1,230.0,329.7817521271238,8.668018999742344,1149.2180839995854,295.9382716049383,0.03377793680469116,0.00013900385516333813,230,480,600,670,740,780,850,880,1100,1100,1100
POST,/Mobius/ae_oc/OC137/Data,247,1,240.0,338.66932476937995,8.58487199730007,978.6518809996778,295.95546558704456,0.034333952225344515,0.00013900385516333813,240,520,640,670,750,830,880,910,980,980,980
POST,/Mobius/ae_oc/OC138/Data,248,1,160.0,307.95284736291984,10.323647999030072,942.5217900061398,295.9596774193548,0.034472956080507856,0.00013900385516333813,160,460,550,630,740,800,880,920,940,940,940
POST,/Mobius/ae_oc/OC139/Data,241,0,160.0,315.75774898763683,5.915941997955088,970.8334469978581,297.0,0.033499929094364486,0.0,160,510,610,630,720,780,810,850,970,970,970
POST,/Mobius/ae_oc/OC14/Data,251,0,180.0,308.8093672069003,11.556506993656512,1000.917892997677,297.0,0.03488996764599787,0.0,180,410,580,640,730,790,830,900,1000,1000,1000
POST,/Mobius/ae_oc/OC140/Data,235,0,180.0,293.6101083909384,12.079050997272134,975.7276599993929,297.0,0.03266590596338446,0.0,180,430,550,600,710,790,890,900,980,980,980
POST,/Mobius/ae_oc/OC141/Data,239,0,160.0,298.3892965023652,9.536967001622543,980.4834989990923,297.0,0.03322192138403781,0.0,160,400,590,630,730,780,860,900,980,980,980
POST,/Mobius/ae_oc/OC142/Data,249,0,250.0,325.9946687069762,11.219369000173174,886.4417709992267,297.0,0.03461195993567119,0.0,250,510,600,640,710,750,830,850,890,890,890
POST,/Mobius/ae_oc/OC143/Data,209,0,140.0,293.4384117464902,10.19595199613832,940.0348460039822,296.9617224880383,0.029051805729137667,0.0,140,410,610,660,770,800,840,850,940,940,940
POST,/Mobius/ae_oc/OC144/Data,247,0,170.0,294.9858944533336,9.984648997487966,1032.2300769985304,297.0,0.034333952225344515,0.0,170,440,530,550,700,780,850,880,1000,1000,1000
POST,/Mobius/ae_oc/OC145/Data,255,0,210.0,321.34094314909925,8.201684002415277,1075.7712690028711,297.0,0.03544598306665122,0.0,210,450,580,620,750,830,900,950,1100,1100,1100
POST,/Mobius/ae_oc/OC146/Data,250,0,210.0,321.8955638597545,8.860551999532618,999.5751069945982,297.0,0.03475096379083453,0.0,220,480,600,630,730,810,850,860,1000,1000,1000
POST,/Mobius/ae_oc/OC147/Data,257,1,250.0,347.01694979356506,8.61810399510432,957.6221870011068,295.99610894941634,0.035723990776977896,0.00013900385516333813,250,550,620,650,760,800,840,860,960,960,960
POST,/Mobius/ae_oc/OC148/Data,238,1,170.0,298.6796281094802,8.1368340033805,964.1955800034339,295.9159663865546,0.033082917528874475,0.00013900385516333813,170,420,570,600,710,800,880,950,960,960,960
POST,/Mobius/ae_oc/OC149/Data,274,0,250.0,331.9360306861438,8.149084998876788,1083.014675998129,297.0,0.03808705631475465,0.0,250,490,570,620,710,780,880,960,1100,1100,1100
POST,/Mobius/ae_oc/OC15/Data,260,0,190.0,319.30193934226384,13.3081489984761,957.0350699941628,297.0,0.036141002342467914,0.0,190,480,590,630,730,780,830,860,960,960,960
POST,/Mobius/ae_oc/OC16/Data,271,1,190.0,330.8253969484199,11.415285000111908,1075.0754340042477,296.0479704797048,0.03767004474926463,0.00013900385516333813,190,490,600,650,770,830,930,1000,1100,1100,1100
POST,/Mobius/ae_oc/OC17/Data,259,0,180.0,331.3115037062217,9.65525100036757,1033.6974300007569,296.95366795366795,0.03600199848730457,0.0,180,510,630,660,750,840,900,980,1000,1000,1000
POST,/Mobius/ae_oc/OC18/Data,259,2,220.0,324.1513947644493,7.499040002585389,1200.0717869959772,295.007722007722,0.03600199848730457,0.00027800771032667626,220,500,570,620,730,780,850,880,1200,1200,1200
POST,/Mobius/ae_oc/OC19/Data,248,0,200.0,314.53242829836876,8.579153000027873,1186.3601609948091,297.0,0.034472956080507856,0.0,200,460,560,630,740,780,850,880,1200,1200,1200
POST,/Mobius/ae_oc/OC2/Data,219,0,200.0,336.00888707770457,10.438792996865232,957.3708680036361,297.0,0.030441844280771048,0.0,200,510,630,680,760,840,880,940,960,960,960
POST,/Mobius/ae_oc/OC20/Data,241,0,140.0,271.33139432368665,11.912163994566072,948.983178997878,297.0,0.033499929094364486,0.0,140,400,510,550,680,740,840,860,950,950,950
POST,/Mobius/ae_oc/OC21/Data,285,1,160.0,299.09474220011475,9.867468004813418,1010.1744339990546,295.9578947368421,0.03961609872155136,0.00013900385516333813,160,450,560,610,720,780,860,970,1000,1000,1000
POST,/Mobius/ae_oc/OC22/Data,237,1,200.0,319.64547040094084,11.02119099959964,996.6329010057962,295.746835443038,0.032943913673711134,0.00013900385516333813,200,490,580,660,740,780,840,920,1000,1000,1000
POST,/Mobius/ae_oc/OC23/Data,252,0,130.0,292.8571167934038,11.31248399906326,1036.1799560050713,297.0,0.03502897150116121,0.0,140,430,570,640,730,770,830,970,1000,1000,1000
POST,/Mobius/ae_oc/OC24/Data,271,1,230.0,335.7401039077951,12.071580997144338,985.0576370008639,296.0405904059041,0.03767004474926463,0.00013900385516333813,230,500,580,630,730,800,900,950,990,990,990
POST,/Mobius/ae_oc/OC25/Data,265,0,300.0,349.2341960149923,9.462075999181252,1098.8609889973304,297.0,0.0368360216182846,0.0,300,520,610,670,750,800,900,950,1100,1100,1100
POST,/Mobius/ae_oc/OC26/Data,247,1,170.0,305.6713092874753,11.344329002895392,1087.2177950004698,295.95546558704456,0.034333952225344515,0.00013900385516333813,170,410,560,620,730,790,950,970,1100,1100,1100
POST,/Mobius/ae_oc/OC27/Data,282,0,210.0,320.11741277319936,13.027289998717606,1137.3049190005986,297.0,0.03919908715606135,0.0,210,510,580,630,720,770,840,920,1100,1100,1100
POST,/Mobius/ae_oc/OC28/Data,235,0,220.0,325.5783274043426,9.088924998650327,995.6666870057234,297.0,0.03266590596338446,0.0,220,510,580,620,690,770,850,950,1000,1000,1000
POST,/Mobius/ae_oc/OC29/Data,281,0,180.0,323.5566776087988,11.645165002846625,1239.8767400009092,297.0,0.03906008330089801,0.0,180,480,580,640,740,820,860,890,1200,1200,1200
POST,/Mobius/ae_oc/OC3/Data,228,1,220.0,327.91069753467013,12.825974001316354,980.0833460030844,295.86842105263156,0.031692878977241094,0.00013900385516333813,220,540,600,630,720,800,900,920,980,980,980
POST,/Mobius/ae_oc/OC30/Data,265,1,210.0,328.4482136718272,13.35803900292376,1095.6630400032736,296.0264150943396,0.0368360216182846,0.00013900385516333813,210,480,600,640,780,830,890,1100,1100,1100,1100
POST,/Mobius/ae_oc/OC31/Data,232,0,170.0,305.2388188877777,9.968229998776224,1004.9481800015201,297.0,0.03224889439789445,0.0,180,420,580,620,730,800,850,900,1000,1000,1000
POST,/Mobius/ae_oc/OC32/Data,243,0,180.0,312.3221651930865,12.125746994570363,1084.5845689982525,297.0,0.03377793680469116,0.0,180,450,580,620,710,790,890,980,1100,1100,1100
POST,/Mobius/ae_oc/OC33/Data,244,2,140.0,299.77453441431146,8.461297999019735,949.2222370026866,294.8606557377049,0.033916940659854504,0.00027800771032667626,150,450,570,610,740,770,860,880,950,950,950
POST,/Mobius/ae_oc/OC34/Data,262,1,150.0,284.5255502137842,9.951861997251399,964.5314840017818,296.01526717557255,0.03641901005279459,0.00013900385516333813,150,360,550,600,690,800,900,940,960,960,960
POST,/Mobius/ae_oc/OC35/Data,241,3,180.0,300.0890178506526,11.665225996694062,1082.213010005944,293.7883817427386,0.033499929094364486,0.00041701156549001436,180,430,540,600,730,820,900,1000,1100,1100,1100
POST,/Mobius/ae_oc/OC36/Data,230,1,220.0,340.6502439477544,8.173201000317931,1100.1875169968116,295.8782608695652,0.03197088668756777,0.00013900385516333813,220,510,610,660,750,810,970,1000,1100,1100,1100
POST,/Mobius/ae_oc/OC37/Data,252,0,230.0,339.6639997101865,11.229007999645546,983.7688240004354,297.0,0.03502897150116121,0.0,230,520,620,650,760,820,880,940,980,980,980
POST,/Mobius/ae_oc/OC38/Data,257,1,150.0,322.8793207782555,10.08470600208966,1234.5381890045246,295.99610894941634,0.035723990776977896,0.00013900385516333813,150,510,620,650,760,830,870,1000,1200,1200,1200
POST,/Mobius/ae_oc/OC39/Data,213,1,160.0,301.96473032845915,11.364493999280967,946.5559469972504,295.7887323943662,0.02960782114979102,0.00013900385516333813,160,440,560,610,720,810,850,880,950,950,950
POST,/Mobius/ae_oc/OC4/Data,253,2,140.0,286.9046181425399,11.740877002011985,996.653015994525,294.9604743083004,0.03516797535632454,0.00027800771032667626,140,420,570,610,710,770,820,940,1000,1000,1000
POST,/Mobius/ae_oc/OC40/Data,266,0,190.0,321.30309536460527,12.90350999624934,916.8191399949137,297.0,0.03697502547344794,0.0,190,480,610,650,760,800,850,880,920,920,920
POST,/Mobius/ae_oc/OC41/Data,253,0,160.0,301.5463834502442,11.64793399948394,1118.702587998996,297.0,0.03516797535632454,0.0,160,420,560,610,700,790,860,950,1100,1100,1100
POST,/Mobius/ae_oc/OC42/Data,252,1,150.0,301.6439746030907,11.484695998660754,1071.6944559972035,295.9761904761905,0.03502897150116121,0.00013900385516333813,160,430,570,630,700,790,840,980,1100,1100,1100
POST,/Mobius/ae_oc/OC43/Data,248,0,220.0,321.6871066166394,9.494256999460049,937.2351540005184,297.0,0.034472956080507856,0.0,220,470,580,620,710,770,860,890,940,940,940
POST,/Mobius/ae_oc/OC44/Data,224,0,150.0,315.7430686250921,10.615529005008284,1031.737556004373,297.0,0.03113686355658774,0.0,160,510,590,630,750,820,890,920,1000,1000,1000
POST,/Mobius/ae_oc/OC45/Data,255,0,220.0,335.7040823960572,10.348929004976526,976.7098000011174,297.0,0.03544598306665122,0.0,220,530,610,640,710,780,910,920,980,980,980
POST,/Mobius/ae_oc/OC46/Data,240,0,190.0,308.0669330877451,9.571918002620805,978.3558340059244,297.0,0.03336092523920115,0.0,190,460,550,600,720,780,870,940,980,980,980
POST,/Mobius/ae_oc/OC47/Data,239,0,260.0,345.6763682422271,9.104650998779107,1054.2431159992702,297.0,0.03322192138403781,0.0,260,540,620,650,720,790,890,920,1100,1100,1100
POST,/Mobius/ae_oc/OC48/Data,211,0,160.0,288.10441648348683,8.429164998233318,989.6126750027179,297.0,0.029329813439464343,0.0,160,410,530,580,710,810,850,930,990,990,990
POST,/Mobius/ae_oc/OC49/Data,242,1,160.0,294.4002505622442,10.998496996762697,988.5690599985537,295.93388429752065,0.03363893294952783,0.00013900385516333813,160,460,540,590,670,770,860,910,990,990,990
POST,/Mobius/ae_oc/OC5/Data,236,0,310.0,350.0554384869031,12.117675993067678,976.9875249985489,297.0,0.0328049098185478,0.0,310,520,610,650,740,820,920,960,980,980,980
POST,/Mobius/ae_oc/OC50/Data,229,0,180.0,318.731708475808,12.200240002130158,1000.8033810008783,297.0,0.03183188283240443,0.0,180,510,610,650,730,780,890,900,1000,1000,1000
POST,/Mobius/ae_oc/OC51/Data,271,0,170.0,303.4808238485731,9.022972000821028,989.4200019989512,297.0,0.03767004474926463,0.0,170,440,570,620,710,760,900,920,990,990,990
POST,/Mobius/ae_oc/OC52/Data,254,0,160.0,312.1189279608668,10.799957999552134,972.3820840008557,296.9409448818898,0.035306979211487885,0.0,160,500,600,640,730,790,870,960,970,970,970
POST,/Mobius/ae_oc/OC53/Data,229,1,160.0,298.018977192517,12.179958997876383,1011.2194590037689,295.87336244541484,0.03183188283240443,0.00013900385516333813,160,450,570,630,720,790,820,880,1000,1000,1000
POST,/Mobius/ae_oc/OC54/Data,241,1,300.0,345.17359013678373,10.94420200388413,1090.5693730019266,295.92946058091286,0.033499929094364486,0.00013900385516333813,300,560,610,650,730,800,880,900,1100,1100,1100
POST,/Mobius/ae_oc/OC55/Data,268,1,200.0,348.192954138309,5.7918129969039,942.9732829958084,295.89179104477614,0.03725303318377462,0.00013900385516333813,210,530,640,680,800,830,880,930,940,940,940
POST,/Mobius/ae_oc/OC56/Data,262,1,170.0,308.7865615764067,9.197755003697239,1124.925363001239,295.86641221374043,0.03641901005279459,0.00013900385516333813,170,470,580,620,690,780,830,960,1100,1100,1100
POST,/Mobius/ae_oc/OC57/Data,236,0,180.0,306.63971163122073,8.510747000400443,905.3325509958086,297.0,0.0328049098185478,0.0,180,480,570,600,710,760,850,850,910,910,910
POST,/Mobius/ae_oc/OC58/Data,240,0,250.0,347.6515309166037,6.073304000892676,1087.6118419982959,297.0,0.03336092523920115,0.0,250,550,610,650,740,790,860,900,1100,1100,1100
POST,/Mobius/ae_oc/OC59/Data,255,0,210.0,312.7111948628547,8.06320199626498,950.1009710002108,297.0,0.03544598306665122,0.0,210,450,590,630,730,790,870,920,950,950,950
POST,/Mobius/ae_oc/OC6/Data,236,0,330.0,347.3420250298289,10.347274001105689,996.997589005332,296.99152542372883,0.0328049098185478,0.0,340,510,590,630,740,790,860,860,1000,1000,1000
POST,/Mobius/ae_oc/OC60/Data,238,0,180.0,315.35102265965594,8.52146700344747,1050.0786249976954,296.96638655462186,0.033082917528874475,0.0,190,460,570,630,740,780,910,1000,1100,1100,1100
POST,/Mobius/ae_oc/OC61/Data,266,0,190.0,323.3397988381724,11.071708999224938,1051.971272994706,297.0,0.03697502547344794,0.0,190,490,590,620,730,830,890,980,1100,1100,1100
POST,/Mobius/ae_oc/OC62/Data,295,2,240.0,342.846279871286,10.491371001990046,1083.382286997221,295.2508474576271,0.041006137273184744,0.00027800771032667626,240,530,600,660,760,830,890,950,1100,1100,1100
POST,/Mobius/ae_oc/OC63/Data,255,0,190.0,317.18444987471264,13.228234005509876,994.4172959949356,297.0,0.03544598306665122,0.0,190,510,590,630,730,760,800,890,990,990,990
POST,/Mobius/ae_oc/OC64/Data,215,3,220.0,330.36505127444775,12.472866001189686,992.3080150038004,293.4,0.029885828860117696,0.00041701156549001436,220,510,590,650,740,800,850,880,990,990,990
POST,/Mobius/ae_oc/OC65/Data,241,0,180.0,316.85981897929975,11.619464996329043,981.0877009949763,297.0,0.033499929094364486,0.0,180,480,600,640,750,790,880,910,980,980,980
POST,/Mobius/ae_oc/OC66/Data,269,2,180.0,307.0999863050094,10.595717001706362,957.695226999931,295.0817843866171,0.03739203703893795,0.00027800771032667626,180,460,560,610,730,810,860,910,960,960,960
POST,/Mobius/ae_oc/OC67/Data,282,1,170.0,315.24446423052285,8.704466999915894,1175.7330869950238,296.07092198581563,0.03919908715606135,0.00013900385516333813,170,500,580,630,710,770,870,940,1200,1200,1200
POST,/Mobius/ae_oc/OC68/Data,249,0,200.0,307.0723613094465,11.862070998176932,980.7121720004943,297.0,0.03461195993567119,0.0,200,440,570,620,740,800,920,940,980,980,980
POST,/Mobius/ae_oc/OC69/Data,236,0,160.0,299.87004784740395,6.5018469977076165,986.8944819972967,297.0,0.0328049098185478,0.0,170,450,560,600,700,770,890,930,990,990,990
POST,/Mobius/ae_oc/OC7/Data,260,2,220.0,331.7874140153995,11.9964199984679,1100.9618660027627,295.0153846153846,0.036141002342467914,0.00027800771032667626,220,510,600,640,750,780,820,870,1100,1100,1100
POST,/Mobius/ae_oc/OC70/Data,267,2,170.0,314.72907603388825,13.336374999198597,1024.2681949966936,294.9925093632959,0.03711402932861128,0.00027800771032667626,170,470,590,630,760,800,920,980,1000,1000,1000
POST,/Mobius/ae_oc/OC71/Data,252,0,190.0,309.3527407817751,10.547539000981487,1128.2473020037287,297.0,0.03502897150116121,0.0,190,460,560,620,710,780,860,990,1100,1100,1100
POST,/Mobius/ae_oc/OC72/Data,246,1,210.0,319.20647993059737,11.137041998154018,910.6542420049664,295.9512195121951,0.03419494837018118,0.00013900385516333813,210,530,590,630,720,780,850,900,910,910,910
POST,/Mobius/ae_oc/OC73/Data,220,1,150.0,302.4202178955007,9.368933999212459,1039.9971270016977,295.6227272727273,0.030580848135934386,0.00013900385516333813,150,430,580,630,750,820,880,930,1000,1000,1000
POST,/Mobius/ae_oc/OC74/Data,254,0,190.0,307.88644334656215,11.529994997545145,933.7356189935235,297.0,0.035306979211487885,0.0,190,470,550,590,710,800,890,930,930,930,930
POST,/Mobius/ae_oc/OC75/Data,255,0,200.0,316.07656859979375,12.01443700119853,1030.0833790024626,297.0,0.03544598306665122,0.0,200,510,580,620,730,800,890,940,1000,1000,1000
POST,/Mobius/ae_oc/OC76/Data,218,0,240.0,335.0855315504238,11.310797999612987,986.302148005052,296.88990825688074,0.03030284042560771,0.0,250,530,620,640,740,780,890,900,990,990,990
POST,/Mobius/ae_oc/OC77/Data,266,0,190.0,307.5431127782169,7.832470000721514,987.8502089995891,296.9624060150376,0.03697502547344794,0.0,190,420,560,620,720,790,840,940,990,990,990
POST,/Mobius/ae_oc/OC78/Data,269,0,180.0,316.1433889852959,10.42102000064915,947.8301189956255,296.996282527881,0.03739203703893795,0.0,180,490,600,640,720,780,870,900,950,950,950
POST,/Mobius/ae_oc/OC79/Data,254,0,190.0,320.18609897256005,9.394807995704468,1000.7697699984419,297.0,0.035306979211487885,0.0,200,450,590,640,720,810,870,920,1000,1000,1000
POST,/Mobius/ae_oc/OC8/Data,246,1,150.0,299.3091571016277,12.161874001321848,989.6314350044122,295.9512195121951,0.03419494837018118,0.00013900385516333813,150,470,560,590,730,770,820,860,990,990,990
POST,/Mobius/ae_oc/OC80/Data,244,1,170.0,310.33028645926277,10.522928001591936,987.4195700031123,295.92622950819674,0.033916940659854504,0.00013900385516333813,170,460,590,650,740,790,840,890,990,990,990
POST,/Mobius/ae_oc/OC81/Data,269,0,340.0,359.4623680409513,5.99212599627208,958.2324429939035,297.0,0.03739203703893795,0.0,340,550,610,660,750,780,840,920,960,960,960
POST,/Mobius/ae_oc/OC82/Data,237,0,210.0,323.69493231593503,9.492996003245935,928.6216850014171,297.0,0.032943913673711134,0.0,210,490,600,650,730,790,890,910,930,930,930
POST,/Mobius/ae_oc/OC83/Data,225,0,160.0,287.0655114176851,10.950463998597115,970.4378289970919,297.0,0.03127586741175108,0.0,160,420,550,610,690,760,820,860,970,970,970
POST,/Mobius/ae_oc/OC84/Data,252,0,270.0,341.4971774760373,12.742570004775189,1208.9332480027224,297.0,0.03502897150116121,0.0,280,500,600,660,730,830,900,940,1200,1200,1200
POST,/Mobius/ae_oc/OC85/Data,236,2,230.0,334.31523411432494,10.9165949979797,1134.5641469961265,294.7881355932203,0.0328049098185478,0.00027800771032667626,240,530,590,630,720,790,860,900,1100,1100,1100
POST,/Mobius/ae_oc/OC86/Data,233,0,160.0,302.45009208610304,12.073366000549868,974.8813980040723,297.0,0.03238789825305778,0.0,160,460,560,640,730,770,830,840,970,970,970
POST,/Mobius/ae_oc/OC87/Data,247,0,160.0,286.5449431374882,10.599220004223753,916.0250579952844,297.0,0.034333952225344515,0.0,160,420,520,560,700,760,850,860,920,920,920
POST,/Mobius/ae_oc/OC88/Data,210,0,250.0,338.6670277044773,6.746684994141106,1005.127498996444,297.0,0.029190809584301005,0.0,260,510,620,640,740,780,890,910,1000,1000,1000
POST,/Mobius/ae_oc/OC89/Data,264,3,200.0,320.0563538975709,12.239946001500357,925.8887350006262,294.0681818181818,0.036697017763121266,0.00041701156549001436,200,480,580,630,740,790,860,900,930,930,930
POST,/Mobius/ae_oc/OC9/Data,239,1,230.0,322.8034198405131,5.733794001571368,921.2566019996302,295.9205020920502,0.03322192138403781,0.00013900385516333813,230,460,580,640,730,760,880,900,920,920,920
POST,/Mobius/ae_oc/OC90/Data,239,2,180.0,317.4639846276561,10.814760993525852,1075.1553589943796,294.8410041841004,0.03322192138403781,0.00027800771032667626,180,480,590,650,740,770,870,920,1100,1100,1100
POST,/Mobius/ae_oc/OC91/Data,242,0,220.0,343.08170544195,13.907332999224309,1111.0019629995804,297.0,0.03363893294952783,0.0,240,540,620,660,770,820,860,910,1100,1100,1100
POST,/Mobius/ae_oc/OC92/Data,245,0,170.0,311.5083827757709,9.16775199584663,977.8710769969621,297.0,0.03405594451501784,0.0,170,460,570,610,730,790,910,960,980,980,980
POST,/Mobius/ae_oc/OC93/Data,265,2,260.0,336.24801486403845,13.10565099993255,1100.9591839974746,295.05283018867925,0.0368360216182846,0.00027800771032667626,260,500,580,640,730,790,830,980,1100,1100,1100
POST,/Mobius/ae_oc/OC94/Data,231,0,210.0,333.0159866404067,10.820841001986992,1062.5648200002615,297.0,0.032109890542731105,0.0,210,520,600,650,750,800,930,980,1100,1100,1100
POST,/Mobius/ae_oc/OC95/Data,221,0,230.0,326.74883191421895,6.562078000570182,1214.0519699969445,297.0,0.030719851991097724,0.0,230,470,620,650,740,790,870,930,1200,1200,1200
POST,/Mobius/ae_oc/OC96/Data,237,1,150.0,289.53050040931714,12.285322998650372,1047.136737004621,295.9113924050633,0.032943913673711134,0.00013900385516333813,150,360,540,620,720,790,860,970,1000,1000,1000
POST,/Mobius/ae_oc/OC97/Data,238,0,210.0,330.34531099596694,6.585518000065349,975.6304059992544,297.0,0.033082917528874475,0.0,210,520,580,630,740,800,850,940,980,980,980
POST,/Mobius/ae_oc/OC98/Data,277,0,190.0,313.5591662204774,11.51000499521615,993.92790300044,297.0,0.03850406788024466,0.0,190,470,580,640,730,790,820,940,990,990,990
POST,/Mobius/ae_oc/OC99/Data,238,3,180.0,312.30810241619156,12.236469003255479,1036.1107409989927,293.69747899159665,0.033082917528874475,0.00041701156549001436,180,480,580,620,730,810,900,980,1000,1000,1000
,Aggregated,110655,247,190.0,319.26533437235264,4.5739249981124885,1239.8767400009092,296.40967873119155,15.38147159309918,0.034333952225344515,190,480,590,630,730,800,870,930,1100,1200,1200
